,type,dateelection,date,sondage,samplesize,abstention,undecided,nbfarleft,nbleft,nbgreen,nbcenterleft,nbcenter,nbcenterright,nbright,nbsouverainistes,nbcpnt,nbfarright,nbother
845,europeennes,2019-05-26,2019-05-26,result,,49.88,,6.31,6.19,13.48,,22.42,,8.48,3.51,,23.34,13.0
846,europeennes,2019-05-26,2019-05-24,Elabe,2010.0,,,8.5,4.5,9.0,,22.5,,13.0,4.0,,25.0,10.0
847,europeennes,2019-05-26,2019-05-24,Harris,1015.0,,,9.0,5.0,7.5,,22.5,,12.0,3.5,,25.0,11.0
848,europeennes,2019-05-26,2019-05-24,Ifop,2773.0,,,7.5,5.5,8.0,,23.0,,13.5,4.0,,25.5,9.5
849,europeennes,2019-05-26,2019-05-23,Ipsos,3355.0,,,7.5,5.5,9.0,,23.0,,13.0,3.5,,24.5,10.5
850,europeennes,2019-05-26,2019-05-22,OpinionWay,2914.0,,,8.0,6.0,9.0,,23.0,,13.0,3.0,,25.0,9.0
851,europeennes,2019-05-26,2019-05-21,BVA,1347.0,,,8.5,5.0,8.0,,22.0,,13.0,3.5,,23.0,13.5
852,europeennes,2019-05-26,2019-05-21,Elabe,2004.0,,,8.0,4.0,8.5,,23.0,,12.5,4.5,,23.5,11.5
853,europeennes,2019-05-26,2019-05-21,Harris,1024.0,,,9.5,5.0,7.0,,22.5,,12.5,3.5,,24.0,12.0
854,europeennes,2019-05-26,2019-05-20,Ifop,2754.0,,,9.0,6.0,7.0,,22.5,,13.5,4.5,,24.0,10.0
855,europeennes,2019-05-26,2019-05-19,Harris,1006.0,,,10.0,5.0,7.5,,22.5,,12.5,3.5,,23.5,11.0
856,europeennes,2019-05-26,2019-05-17,Ifop,2773.0,,,9.0,6.0,7.0,,22.5,,13.5,4.5,,24.0,10.0
857,europeennes,2019-05-26,2019-05-17,Ipsos,9610.0,,,8.0,5.5,8.5,,23.0,,13.0,4.0,,23.5,11.5
858,europeennes,2019-05-26,2019-05-16,Harris,1033.0,,,9.5,5.0,7.5,,22.5,,12.5,3.5,,23.0,13.0
859,europeennes,2019-05-26,2019-05-15,OpinionWay,1917.0,,,8.0,5.0,7.0,,22.0,,14.0,4.0,,24.0,11.0
860,europeennes,2019-05-26,2019-05-14,Elabe,2002.0,,,7.5,4.0,10.0,,23.5,,11.0,4.0,,22.0,14.5
861,europeennes,2019-05-26,2019-05-14,Ifop,1863.0,,,8.5,5.5,7.5,,22.5,,14.0,4.5,,23.0,10.5
862,europeennes,2019-05-26,2019-05-13,Harris,1034.0,,,9.5,5.0,7.0,,22.0,,13.0,3.5,,22.5,13.5
863,europeennes,2019-05-26,2019-05-10,Harris,1053.0,,,10.0,4.5,7.0,,22.0,,13.0,3.0,,22.0,14.5
864,europeennes,2019-05-26,2019-05-09,Ifop,1374.0,,,8.0,5.5,8.5,,22.5,,14.0,5.0,,21.5,11.5
865,europeennes,2019-05-26,2019-05-07,Elabe,1201.0,,,9.0,4.5,9.5,,22.0,,14.0,3.5,,22.0,14.0
866,europeennes,2019-05-26,2019-05-07,Harris,1043.0,,,9.5,5.0,7.5,,21.5,,13.5,3.0,,21.5,14.5
867,europeennes,2019-05-26,2019-05-06,Ifop,945.0,,,9.0,5.5,8.0,,21.5,,14.5,5.0,,22.5,10.0
868,europeennes,2019-05-26,2019-05-06,OpinionWay,1917.0,,,8.0,5.0,7.0,,22.0,,14.0,4.0,,24.0,12.0
869,europeennes,2019-05-26,2019-05-04,Harris,1032.0,,,8.5,5.0,9.0,,23.5,,14.5,3.5,,20.5,12.5
870,europeennes,2019-05-26,2019-05-03,Ifop,1397.0,,,8.5,5.5,9.0,,21.5,,15.0,4.5,,23.0,9.0
871,europeennes,2019-05-26,2019-05-03,Ipsos,1500.0,,,8.0,5.5,8.5,,21.5,,13.5,5.0,,22.0,13.0
872,europeennes,2019-05-26,2019-05-02,BVA,1397.0,,,9.0,5.5,7.5,,22.0,,13.0,4.5,,21.0,13.5
873,europeennes,2019-05-26,2019-05-02,Harris,1052.0,,,8.5,5.0,8.0,,24.0,,14.0,4.0,,21.0,12.0
874,europeennes,2019-05-26,2019-04-30,Harris,1037.0,,,9.5,5.5,9.0,,23.0,,14.0,4.0,,21.5,10.0
875,europeennes,2019-05-26,2019-04-30,OpinionWay,1930.0,,,8.0,5.0,8.0,,21.0,,14.0,4.0,,24.0,12.0
876,europeennes,2019-05-26,2019-04-29,Elabe,1200.0,,,8.0,4.0,9.0,,22.5,,15.5,4.0,,21.5,13.0
877,europeennes,2019-05-26,2019-04-29,Ifop,1369.0,,,8.0,5.5,9.5,,23.0,,14.5,4.5,,21.5,10.5
878,europeennes,2019-05-26,2019-04-28,Harris,1052.0,,,9.5,5.5,8.5,,23.5,,15.0,4.0,,21.0,9.5
879,europeennes,2019-05-26,2019-04-26,Harris,1072.0,,,10.0,6.0,9.5,,23.5,,14.5,3.5,,21.0,8.5
880,europeennes,2019-05-26,2019-04-24,Ifop,1393.0,,,9.0,6.0,8.5,,22.0,,15.0,4.5,,20.5,11.5
881,europeennes,2019-05-26,2019-04-23,OpinionWay,1965.0,,,9.0,6.0,7.0,,21.0,,14.0,4.0,,24.0,11.0
882,europeennes,2019-05-26,2019-04-22,Ipsos,8747.0,,,7.5,6.5,8.5,,23.0,,13.5,5.0,,22.5,10.5
883,europeennes,2019-05-26,2019-04-21,BVA,5324.0,,,7.5,6.0,8.0,,23.0,,13.0,4.5,,22.0,12.5
884,europeennes,2019-05-26,2019-04-20,Harris,1056.0,,,9.5,6.5,9.0,,24.0,,14.0,4.0,,21.5,8.0
885,europeennes,2019-05-26,2019-04-19,Ifop,1361.0,,,7.0,6.5,8.5,,22.0,,14.0,4.5,,22.5,11.5
886,europeennes,2019-05-26,2019-04-15,Ifop,1391.0,,,8.0,6.0,8.5,,21.5,,13.0,5.0,,21.5,12.5
887,europeennes,2019-05-26,2019-04-13,Harris,1031.0,,,9.5,6.5,8.0,,22.5,,14.0,4.0,,21.0,11.0
888,europeennes,2019-05-26,2019-04-11,BVA,1402.0,,,8.0,5.5,7.0,,24.0,,13.5,4.0,,20.0,14.5
889,europeennes,2019-05-26,2019-04-09,Ifop,1396.0,,,8.5,5.5,7.5,,22.5,,13.0,4.5,,21.0,14.0
890,europeennes,2019-05-26,2019-04-06,Harris,1051.0,,,8.5,5.5,8.0,,23.0,,13.0,5.0,,21.0,13.0
891,europeennes,2019-05-26,2019-04-05,Ifop,1368.0,,,8.5,5.0,7.5,,23.5,,13.0,5.0,,21.0,13.5
892,europeennes,2019-05-26,2019-04-01,Ifop,1370.0,,,8.5,5.0,8.0,,22.5,,14.0,5.5,,21.0,12.5
893,europeennes,2019-05-26,2019-03-27,Elabe,1201.0,,,7.5,6.0,9.0,,22.5,,14.0,3.0,,22.0,13.5
894,europeennes,2019-05-26,2019-03-27,Ifop,1382.0,,,8.0,5.0,8.0,,22.0,,14.0,5.0,,20.5,14.0
895,europeennes,2019-05-26,2019-03-26,OpinionWay,1889.0,,,7.0,6.0,7.0,,23.0,,13.0,6.0,,23.0,10.0
896,europeennes,2019-05-26,2019-03-23,Harris,1068.0,,,8.0,7.0,7.0,,23.0,,13.0,5.0,,22.0,12.0
897,europeennes,2019-05-26,2019-03-22,Ifop,1390.0,,,8.0,6.0,7.5,,23.0,,13.5,4.5,,20.5,14.0
898,europeennes,2019-05-26,2019-03-21,BVA,1398.0,,,7.5,5.0,8.5,,24.0,,12.0,5.0,,21.0,13.5
899,europeennes,2019-05-26,2019-03-21,Ipsos,10049.0,,,8.0,6.5,8.0,,23.5,,12.0,5.0,,22.0,12.5
900,europeennes,2019-05-26,2019-03-18,Ifop,1393.0,,,7.5,6.0,8.0,,23.5,,13.5,4.5,,20.5,14.0
901,europeennes,2019-05-26,2019-03-12,Ifop,1378.0,,,7.5,5.5,8.0,,24.5,,12.5,5.0,,21.5,13.0
902,europeennes,2019-05-26,2019-03-09,Harris,1090.0,,,9.0,5.0,8.0,,22.0,,14.0,5.0,,21.0,12.0
903,europeennes,2019-05-26,2019-03-07,Ifop,1381.0,,,7.0,5.0,7.5,,24.0,,13.0,5.5,,22.0,13.0
904,europeennes,2019-05-26,2019-02-27,Elabe,1201.0,,,8.0,5.0,10.0,,22.0,,13.0,5.5,,22.0,12.0
905,europeennes,2019-05-26,2019-02-27,OpinionWay,2218.0,,,7.0,6.0,6.0,,22.0,,14.0,5.0,,22.0,14.0
906,europeennes,2019-05-26,2019-02-23,Harris,1064.0,,,8.0,6.0,8.0,,22.0,,12.0,6.0,,20.0,15.0
907,europeennes,2019-05-26,2019-02-21,BVA,929.0,,,7.5,5.0,9.0,,25.0,,10.0,6.0,,19.0,15.5
908,europeennes,2019-05-26,2019-02-21,Ipsos,3900.0,,,8.5,5.5,8.5,,23.0,,12.0,6.5,,21.0,12.5
909,europeennes,2019-05-26,2019-02-15,Ifop,1367.0,,,7.5,6.0,9.0,,24.0,,10.0,6.0,,20.0,13.5
910,europeennes,2019-05-26,2019-01-25,OpinionWay,1810.0,,,8.0,6.0,8.0,,20.0,,12.0,7.0,,22.0,14.0
911,europeennes,2019-05-26,2019-01-23,Elabe,1000.0,,,9.5,6.0,9.0,,23.5,,12.5,5.0,,20.5,12.0
912,europeennes,2019-05-26,2019-01-09,Ifop,934.0,,,9.5,4.0,6.5,,23.0,,10.0,7.5,,21.0,16.0
913,europeennes,2019-05-26,2018-12-20,Odoxa,926.0,,,11.5,7.0,6.5,,19.0,,8.0,7.0,,24.0,15.0
914,europeennes,2019-05-26,2018-12-10,Ifop,938.0,,,9.0,4.5,8.0,,18.0,,11.0,8.0,,24.0,15.0
915,europeennes,2019-05-26,2018-12-06,BVA,5456.0,,,10.0,5.0,7.0,,20.0,,12.0,7.0,,21.0,16.0
916,europeennes,2019-05-26,2018-12-06,Ipsos,957.0,,,12.0,4.0,14.0,,21.0,,12.5,6.0,,17.0,12.5
917,europeennes,2019-05-26,2018-11-12,Ifop,945.0,,,10.0,6.0,7.0,,19.0,,13.0,6.0,,22.0,15.0
918,europeennes,2019-05-26,2018-11-07,Elabe,1002.0,,,11.0,7.0,7.0,,19.5,,15.0,6.5,,20.0,11.5
919,europeennes,2019-05-26,2018-10-31,Ifop,905.0,,,11.0,7.5,7.0,,19.0,,13.0,7.0,,21.0,12.5
920,europeennes,2019-05-26,2018-10-29,Ifop,1382.0,,,11.0,6.0,7.0,,20.0,,14.0,6.5,,20.0,12.5
921,europeennes,2019-05-26,2018-09-13,Odoxa,907.0,,,12.5,4.5,5.0,,21.5,,14.0,6.0,,21.0,14.0
922,europeennes,2019-05-26,2018-08-31,Ifop,1504.0,,,14.0,6.0,7.5,,20.0,,15.0,6.5,,17.0,12.0
923,europeennes,2019-05-26,2018-07-02,Ipsos,998.0,,,13.0,4.0,4.0,,26.0,,15.0,7.0,,18.0,11.0
924,europeennes,2019-05-26,2018-06-27,Ifop,1374.0,,,11.0,6.0,6.0,,23.0,,15.0,6.0,,19.0,11.5
925,europeennes,2019-05-26,2018-05-30,Elabe,1004.0,,,10.0,6.0,8.0,,24.0,,15.0,5.5,,19.5,11.0
926,europeennes,2019-05-26,2018-05-23,Harris,1673.0,,,12.0,8.0,4.0,,28.0,,13.0,7.0,,15.0,11.0
927,europeennes,2019-05-26,2018-05-11,Viavoice,1506.0,,,9.0,6.0,9.0,,32.0,,12.0,6.0,,14.0,9.0
928,europeennes,2019-05-26,2018-05-09,Ifop,920.0,,,14.0,7.0,3.0,,27.0,,15.0,6.0,,17.0,11.0
929,europeennes,2019-05-26,2017-12-01,Ifop,1007.0,,,14.0,8.0,4.0,,26.0,,12.0,6.0,,17.0,10.0
0,europeennes,2014-05-25,2014-05-25,result,,57.57,,6.61,13.98,8.95,,9.94,,20.81,3.819999933242798,,24.86,9.470000267028809
1,europeennes,2014-05-25,2014-05-25,seats,,57.57,,4.0,13.0,6.0,,7.0,,20.0,0.0,,24.0,0.0
2,europeennes,2014-05-25,2014-05-22,Ifop,1691.0,57.5,,7.5,16.0,10.0,,9.5,,21.5,2.5,,23.5,8.0
3,europeennes,2014-05-25,2014-05-22,Ipsos,4948.0,,,8.5,17.5,9.0,,9.5,,21.0,3.0,,24.0,6.0
4,europeennes,2014-05-25,2014-05-21,CSA,1897.0,,,8.0,16.0,9.0,,10.0,,21.0,2.0,,23.5,8.5
5,europeennes,2014-05-25,2014-05-21,Harris,4491.0,,,7.0,16.0,9.0,,11.0,,21.0,2.0,,23.0,9.5
6,europeennes,2014-05-25,2014-05-21,OpinionWay,1713.0,,,7.0,17.0,9.0,,11.0,,21.0,2.5,,21.0,9.5
7,europeennes,2014-05-25,2014-05-20,Ipsos,8104.0,,,7.5,17.0,8.0,,9.0,,22.5,3.0,,23.5,7.5
8,europeennes,2014-05-25,2014-05-19,Ifop,1691.0,58.5,,8.0,17.0,9.5,,10.0,,22.0,2.0,,23.5,6.5
9,europeennes,2014-05-25,2014-05-19,Ifop,1869.0,,,7.5,17.5,9.0,,10.0,,21.5,1.5,,23.5,7.5
10,europeennes,2014-05-25,2014-05-18,Ipsos,4460.0,,,7.0,17.0,8.0,,9.0,,23.0,3.5,,23.5,7.0
11,europeennes,2014-05-25,2014-05-17,Ifop,1507.0,60.0,,7.5,17.0,9.5,,10.0,,21.5,1.5,,23.5,7.0
12,europeennes,2014-05-25,2014-05-17,Ipsos,3279.0,,,7.0,17.5,8.0,,8.5,,22.0,3.5,,24.0,7.5
13,europeennes,2014-05-25,2014-05-16,BVA,626.0,,,8.0,17.0,9.0,,9.5,,21.0,2.0,,23.0,8.5
14,europeennes,2014-05-25,2014-05-16,Ipsos,8548.0,,,7.0,17.0,8.5,,8.0,,21.5,3.5,,24.0,8.0
15,europeennes,2014-05-25,2014-05-16,OpinionWay,1331.0,,,8.0,16.0,9.0,,10.5,,23.0,2.5,,22.0,7.0
16,europeennes,2014-05-25,2014-05-15,Ifop,1424.0,60.0,,7.5,17.0,9.5,,10.0,,22.0,1.5,,23.0,7.5
17,europeennes,2014-05-25,2014-05-14,CSA,994.0,,,6.5,18.0,8.0,,9.0,,21.0,2.0,,25.0,8.0
18,europeennes,2014-05-25,2014-05-13,Harris,727.0,,,7.0,16.5,10.0,,8.0,,21.0,3.0,,22.0,9.5
19,europeennes,2014-05-25,2014-05-13,Ipsos,1007.0,62.0,,7.5,17.0,8.5,,8.0,,23.0,3.0,,24.0,6.5
20,europeennes,2014-05-25,2014-05-12,Ifop,1311.0,60.5,,7.5,17.0,10.0,,9.5,,22.5,1.0,,24.0,7.0
21,europeennes,2014-05-25,2014-05-10,Kantar,1504.0,59.0,,6.0,16.0,8.5,,8.0,,21.0,3.0,,23.0,10.5
22,europeennes,2014-05-25,2014-05-09,Ifop,1118.0,61.0,,7.5,17.0,9.5,,9.5,,22.0,1.5,,24.0,7.0
23,europeennes,2014-05-25,2014-05-07,OpinionWay,969.0,,,7.0,16.0,9.0,,10.0,,23.0,3.0,,22.0,8.0
24,europeennes,2014-05-25,2014-05-04,Harris,2394.0,,,8.0,17.0,9.0,,9.0,,21.0,3.0,,22.0,7.0
25,europeennes,2014-05-25,2014-05-03,Ifop,1802.0,,,7.0,18.0,9.0,,10.0,,22.5,1.5,,24.0,5.5
26,europeennes,2014-05-25,2014-05-02,Ifop,1895.0,,,7.5,18.0,9.0,,10.0,,22.5,1.5,,23.5,5.5
27,europeennes,2014-05-25,2014-04-30,Ifop,962.0,,,8.0,18.5,9.0,,10.0,,22.5,1.5,,23.5,4.5
28,europeennes,2014-05-25,2014-04-28,Ifop,1740.0,,,8.0,19.0,8.5,,10.0,,22.5,2.0,,23.0,4.0
29,europeennes,2014-05-25,2014-04-27,Ifop,1366.0,,,7.5,19.5,8.0,,10.5,,23.0,2.0,,23.0,3.5
30,europeennes,2014-05-25,2014-04-26,Ifop,1398.0,,,8.0,19.5,8.0,,10.5,,23.0,2.5,,22.5,3.5
31,europeennes,2014-05-25,2014-04-24,Ifop,1517.0,,,8.0,19.5,8.5,,10.0,,23.5,2.0,,22.5,3.5
32,europeennes,2014-05-25,2014-04-24,OpinionWay,1238.0,,,7.0,18.0,7.0,,11.0,,22.0,3.0,,20.0,10.0
33,europeennes,2014-05-25,2014-04-23,CSA,1005.0,,,7.5,20.0,7.0,,9.0,,22.0,2.0,,24.0,6.0
34,europeennes,2014-05-25,2014-04-23,Ifop,1314.0,,,8.0,19.0,9.0,,10.0,,23.5,2.0,,22.5,3.5
35,europeennes,2014-05-25,2014-04-21,Ifop,901.0,,,8.0,19.0,9.0,,10.0,,23.0,1.5,,22.5,4.5
36,europeennes,2014-05-25,2014-04-20,Ifop,1280.0,,,8.5,19.0,8.0,,10.0,,22.5,1.5,,23.0,5.0
37,europeennes,2014-05-25,2014-04-17,Ifop,1869.0,,,8.0,18.5,8.5,,10.0,,22.0,1.5,,23.0,4.5
38,europeennes,2014-05-25,2014-04-16,Ifop,1156.0,,,8.0,19.5,7.5,,10.5,,22.5,2.0,,23.5,3.5
39,europeennes,2014-05-25,2014-04-14,Ifop,1836.0,,,8.0,20.0,7.5,,10.0,,22.5,2.0,,23.5,3.5
40,europeennes,2014-05-25,2014-04-13,Ifop,1454.0,,,8.0,20.0,8.0,,10.0,,22.5,1.5,,24.0,3.5
41,europeennes,2014-05-25,2014-04-12,Ifop,1085.0,,,8.0,20.5,8.0,,9.5,,22.5,1.5,,24.0,3.5
42,europeennes,2014-05-25,2014-04-10,Ifop,1421.0,,,8.5,20.5,7.5,,9.5,,22.5,1.5,,24.0,3.5
43,europeennes,2014-05-25,2014-04-05,Kantar,1501.0,,,7.0,19.0,9.0,,9.0,,25.0,2.0,,24.0,2.0
44,europeennes,2014-05-25,2014-04-02,Ifop,1796.0,,,7.5,19.0,8.5,,8.0,,24.0,2.0,,22.0,6.0
45,europeennes,2014-05-25,2014-03-31,OpinionWay,1321.0,,,9.0,18.0,7.0,,12.0,,22.0,3.0,,20.0,7.0
46,europeennes,2014-05-25,2014-03-28,Ipsos,7904.0,,,8.0,18.0,10.0,,8.0,,24.0,3.5,,22.0,3.5
47,europeennes,2014-05-25,2014-03-09,OpinionWay,1181.0,,,7.0,17.0,10.0,,9.0,,22.0,4.0,,21.0,6.0
48,europeennes,2014-05-25,2014-02-13,OpinionWay,1785.0,,,9.0,16.0,9.0,,12.0,,22.0,4.0,,20.0,4.0
49,europeennes,2014-05-25,2014-01-16,Ifop,1442.0,,,9.0,18.0,7.0,,11.0,,21.0,2.5,,23.0,6.5
50,europeennes,2014-05-25,2013-10-03,Ifop,1893.0,,,10.0,19.0,6.0,,11.0,,22.0,2.0,,24.0,4.0
51,europeennes,2014-05-25,2013-06-10,YouGov,900.0,,,15.0,15.0,5.0,,8.0,5.0,19.0,0.0,,18.0,13.0
52,europeennes,2014-05-25,2013-06-01,CSA,582.0,,,9.0,19.0,8.0,,7.0,6.0,23.0,1.0,,20.0,3.0
53,europeennes,2014-05-25,2013-05-30,Ifop,1684.0,,,9.0,21.0,7.5,,7.0,6.5,21.0,3.0,,21.0,2.0
54,europeennes,2014-05-25,2013-05-23,Harris,1279.0,,,8.0,21.0,10.0,,6.0,8.0,23.0,1.0,,18.0,3.0
55,europeennes,2009-06-07,2009-06-07,result,,59.37,,12.55,16.48,16.28,,8.46,,27.88,6.570000171661377,,6.34,5.440000057220459
56,europeennes,2009-06-07,2009-06-07,seats,,59.37,,5.0,14.0,14.0,,6.0,,29.0,1.0,,3.0,0.0
57,europeennes,2009-06-07,2009-06-06,Ipsos,6369.0,,,13.0,18.0,16.5,,8.5,,28.5,6.0,,5.5,2.5
58,europeennes,2009-06-07,2009-06-05,Ifop,856.0,63.0,,12.5,20.0,12.0,,12.0,,27.5,6.0,,5.5,4.5
59,europeennes,2009-06-07,2009-06-04,CSA,525.0,,,12.0,20.0,11.0,,14.0,,25.0,7.0,,7.0,4.0
60,europeennes,2009-06-07,2009-06-04,Kantar,649.0,,,12.5,19.0,15.5,,12.5,,27.0,5.0,,5.0,3.5
61,europeennes,2009-06-07,2009-06-03,Ipsos,491.0,,,14.0,21.0,11.0,,11.0,,27.0,7.0,,5.5,3.5
62,europeennes,2009-06-07,2009-06-03,OpinionWay,2435.0,56.0,,13.5,20.0,12.0,,12.5,,26.0,5.5,,6.5,4.0
63,europeennes,2009-06-07,2009-06-02,Kantar,500.0,,,14.5,20.0,13.5,,11.0,,27.0,5.0,,4.0,5.0
64,europeennes,2009-06-07,2009-05-30,BVA,2046.0,,,14.0,21.5,11.0,,11.0,,26.0,5.0,,8.5,3.0
65,europeennes,2009-06-07,2009-05-30,Ipsos,413.0,,,14.0,21.0,11.0,,12.0,,26.0,6.5,,5.5,4.0
66,europeennes,2009-06-07,2009-05-29,Ifop,858.0,63.0,,15.0,21.0,9.5,,13.0,,27.0,6.0,,6.0,2.5
67,europeennes,2009-06-07,2009-05-28,CSA,517.0,,,13.0,21.0,9.0,,13.0,,25.0,7.0,,8.0,4.0
68,europeennes,2009-06-07,2009-05-28,Kantar,500.0,,,15.5,20.0,11.0,,13.0,,26.0,5.0,,6.0,3.5
69,europeennes,2009-06-07,2009-05-26,Kantar,500.0,,,15.0,19.0,11.0,,14.0,,26.0,4.5,,6.0,4.5
70,europeennes,2009-06-07,2009-05-26,OpinionWay,2735.0,,,12.0,20.0,10.0,,13.0,,26.0,6.5,,7.0,5.5
71,europeennes,2009-06-07,2009-05-23,Ipsos,370.0,,,14.0,20.0,10.5,,13.0,,26.0,7.0,,5.5,4.0
72,europeennes,2009-06-07,2009-05-20,CSA,542.0,,,12.0,21.0,9.0,,14.0,,26.0,7.0,,7.0,4.0
73,europeennes,2009-06-07,2009-05-17,OpinionWay,2409.0,,,13.0,21.0,10.0,,13.0,,28.0,6.0,,6.0,3.0
74,europeennes,2009-06-07,2009-05-16,Ipsos,345.0,,,14.0,22.0,10.0,,11.0,,28.0,7.0,,5.0,3.0
75,europeennes,2009-06-07,2009-05-15,Viavoice,900.0,,,14.0,22.0,9.0,,13.0,,27.0,7.0,,6.0,2.0
76,europeennes,2009-06-07,2009-05-14,CSA,602.0,,,11.0,22.0,10.0,,13.0,,28.0,6.0,,6.0,4.0
77,europeennes,2009-06-07,2009-05-09,OpinionWay,2641.0,,,14.0,22.0,9.0,,13.0,,27.0,6.0,,7.0,2.0
78,europeennes,2009-06-07,2009-05-07,Ifop,886.0,,,15.5,21.5,7.0,,13.5,,27.0,6.0,,7.5,2.0
79,europeennes,2009-06-07,2009-05-01,Ipsos,379.0,,,15.0,23.0,10.0,,11.0,,27.0,7.0,,5.0,2.0
80,europeennes,2009-06-07,2009-04-24,Ifop,853.0,,,15.5,22.5,7.5,,14.0,,26.5,6.0,,7.5,0.5
81,europeennes,2009-06-07,2009-04-17,OpinionWay,492.0,,,12.0,23.0,10.0,,12.0,,28.0,6.0,,6.0,3.0
82,europeennes,2009-06-07,2009-04-16,CSA,542.0,,,12.0,25.0,10.0,,12.0,,27.0,6.0,,8.0,0.0
83,europeennes,2009-06-07,2009-03-14,Ipsos,435.0,,,17.0,24.0,9.0,,10.0,,27.0,7.0,,5.5,0.5
84,europeennes,2009-06-07,2009-02-13,Ifop,862.0,,,16.0,23.0,7.0,,14.5,,26.0,7.0,,6.0,0.5
85,europeennes,2009-06-07,2008-11-28,Ifop,1346.0,,,16.0,22.0,11.0,,12.0,,24.0,8.0,,7.0,0.0
86,europeennes,2004-06-13,2004-06-13,result,,57.24,,8.45,28.9,7.41,,11.96,,16.64,8.369999885559082,,9.81,8.460000038146973
87,europeennes,2004-06-13,2004-06-13,seats,,57.24,,3.0,31.0,6.0,,11.0,,17.0,3.0,,7.0,0.0
814,europeennes,2004-06-13,2004-06-08,Kantar,600.0,,,9.5,26.0,8.5,,11.5,,16.0,8.0,3.5,10.0,7.0
815,europeennes,2004-06-13,2004-06-04,CSA,502.0,,,7.0,28.5,8.5,,10.5,,16.0,7.0,3.0,11.5,8.0
816,europeennes,2004-06-13,2004-06-04,Ifop,738.0,,,10.0,26.0,9.0,,12.0,,16.0,6.0,4.0,9.0,8.0
817,europeennes,2004-06-13,2004-05-27,Ifop,700.0,,,11.0,25.0,7.0,,11.0,,17.0,7.0,3.0,12.0,7.0
818,europeennes,2004-06-13,2004-05-27,Kantar,600.0,,,9.5,27.5,8.5,,11.0,,18.0,5.0,3.0,12.0,5.5
819,europeennes,2004-06-13,2004-05-26,CSA,500.0,46.0,,8.5,29.0,7.0,,11.0,,19.0,5.0,2.0,14.0,4.5
820,europeennes,2004-06-13,2004-05-13,CSA,501.0,45.0,,8.0,28.0,7.0,,9.0,,21.0,5.0,3.0,13.0,6.0
821,europeennes,2004-06-13,2004-05-13,Kantar,600.0,,,10.0,29.0,8.0,,11.0,,18.0,4.5,3.0,12.0,4.5
822,europeennes,2004-06-13,2004-05-07,Ifop,783.0,,,8.0,26.0,8.0,,10.0,,20.0,5.0,4.0,13.0,6.0
823,europeennes,2004-06-13,2004-04-29,Kantar,600.0,,,10.0,30.0,8.5,,10.0,,17.0,4.5,3.0,13.0,4.0
824,europeennes,2004-06-13,2004-04-27,CSA,505.0,42.0,,9.0,26.0,8.0,,9.0,,20.0,6.0,2.0,13.0,7.0
825,europeennes,2004-06-13,2004-04-23,Ifop,700.0,,,10.0,28.0,9.0,,8.0,,20.0,6.0,3.0,13.0,3.0
826,europeennes,2004-06-13,2004-04-14,CSA,500.0,43.0,,10.0,28.0,8.0,,8.0,,23.0,5.0,4.0,14.0,0.0
827,europeennes,2004-06-13,2004-04-01,BVA,478.0,,,9.0,28.0,8.0,,12.0,,23.0,6.0,2.0,12.0,0.0
88,europeennes,1999-06-13,1999-06-13,result,,53.24,,11.96,21.95,9.72,,9.28,,12.82,16.329999923706055,,5.69,12.25
89,europeennes,1999-06-13,1999-06-13,seats,,53.24,,11.0,22.0,9.0,,9.0,,12.0,13.0,,5.0,6.0
828,europeennes,1999-06-13,1999-06-01,Ipsos,614.0,,,14.0,24.0,6.5,,8.0,,17.0,11.5,4.5,8.0,6.5
90,europeennes,1999-06-13,1999-05-20,Ipsos,6719.0,,,14.0,25.0,7.5,,9.5,,19.0,13.0,,7.0,5.0
829,europeennes,1999-06-13,1999-05-16,Ipsos,507.0,,,13.5,25.0,7.5,,9.0,,19.0,10.0,4.0,7.0,5.0
91,europeennes,1999-06-13,1999-05-07,Ipsos,502.0,,,15.0,25.0,6.5,,9.5,,19.0,14.0,,6.0,5.0
92,europeennes,1999-06-13,1999-04-30,Ipsos,480.0,,,13.5,24.0,8.0,,11.0,,18.0,15.0,,5.5,5.0
93,europeennes,1999-06-13,1999-04-24,CSA,820.0,,,14.0,24.0,8.5,,9.5,,19.5,14.0,,6.5,4.0
94,europeennes,1999-06-13,1999-04-20,Ipsos,572.0,,,15.0,24.0,8.0,,10.0,,16.0,16.0,,6.0,5.0
95,europeennes,1999-06-13,1999-01-22,Ipsos,5417.0,,,14.0,27.0,10.0,,,,27.0,15.0,,7.0,0.0
96,legislatives,2017-06-11,2017-06-11,result,,51.3,,11.03,7.91,4.3,,32.32,,21.56,1.17,,13.2,5.02
97,legislatives,2017-06-11,2017-06-08,Ipsos,1112.0,40.0,28.0,11.5,8.0,3.0,,31.5,,22.0,1.5,,17.0,2.5
98,legislatives,2017-06-11,2017-06-07,Elabe,1152.0,51.0,30.0,11.0,9.0,3.0,,29.0,,23.0,2.0,,17.0,3.5
99,legislatives,2017-06-11,2017-06-07,Harris,500.0,,32.0,12.0,7.0,3.0,,30.0,,19.0,1.0,,17.0,7.0
100,legislatives,2017-06-11,2017-06-07,Ifop,886.0,,,11.0,8.0,3.5,,30.0,,20.0,1.5,,18.0,4.5
101,legislatives,2017-06-11,2017-06-07,OpinionWay,1667.0,46.0,40.0,12.0,7.0,3.0,,30.0,,21.0,2.0,,18.0,2.0
102,legislatives,2017-06-11,2017-06-04,BVA,2910.0,41.0,,12.5,8.0,3.0,,30.0,,20.0,2.0,,18.0,3.5
103,legislatives,2017-06-11,2017-06-03,Ipsos,1126.0,40.0,32.0,12.5,8.5,2.5,,29.5,,23.0,1.5,,17.0,2.5
104,legislatives,2017-06-11,2017-06-01,Odoxa,697.0,48.0,,11.0,8.0,3.0,,33.0,,19.0,2.5,,18.0,1.5
105,legislatives,2017-06-11,2017-05-31,Harris,500.0,,,11.0,8.0,3.0,,31.0,,18.0,2.0,,18.0,2.0
106,legislatives,2017-06-11,2017-05-31,OpinionWay,1093.0,45.0,42.0,13.0,10.0,2.0,,29.0,,20.0,2.0,,18.0,2.0
107,legislatives,2017-06-11,2017-05-30,Ifop,1748.0,,,12.0,7.5,3.0,,31.0,,19.0,2.0,,18.0,4.5
108,legislatives,2017-06-11,2017-05-29,Ipsos,8778.0,39.0,36.0,11.5,8.5,3.0,,31.0,,22.0,2.0,,18.0,1.5
109,legislatives,2017-06-11,2017-05-27,Ipsos,1127.0,,34.0,11.5,9.0,3.0,,29.5,,22.0,2.5,,18.0,2.0
110,legislatives,2017-06-11,2017-05-26,Kantar,1241.0,37.0,49.0,12.0,8.0,3.5,,31.0,,18.0,2.5,,17.0,2.0
111,legislatives,2017-06-11,2017-05-25,Harris,500.0,,,14.0,7.0,3.0,,31.0,,18.0,3.0,,19.0,1.0
112,legislatives,2017-06-11,2017-05-24,Elabe,646.0,49.0,31.0,12.0,6.5,2.5,,33.0,,20.0,1.5,,19.0,3.0
113,legislatives,2017-06-11,2017-05-24,OpinionWay,1000.0,,45.0,15.0,10.0,,,28.0,,20.0,2.0,,19.0,3.0
114,legislatives,2017-06-11,2017-05-19,Ifop,628.0,,,15.0,7.0,2.5,,31.0,,19.0,2.5,,18.0,3.0
115,legislatives,2017-06-11,2017-05-17,Harris,500.0,,,16.0,6.0,3.0,,32.0,,18.0,3.0,,19.0,
116,legislatives,2017-06-11,2017-05-17,OpinionWay,1000.0,,48.0,14.0,11.0,,,27.0,,20.0,2.0,,20.0,3.0
117,legislatives,2017-06-11,2017-05-16,Harris,2200.0,,,15.0,6.0,3.0,,32.0,,19.0,3.0,,19.0,
118,legislatives,2017-06-11,2017-05-10,Harris,500.0,,,14.0,7.0,3.0,,29.0,,20.0,3.0,,20.0,
119,legislatives,2017-06-11,2017-05-07,Harris,1200.0,,,13.0,8.0,3.0,,26.0,,22.0,3.0,,22.0,
120,legislatives,2017-06-11,2017-05-05,Ifop,800.0,,,16.0,9.0,3.0,,22.0,,22.5,1.5,,20.0,3.0
121,legislatives,2017-06-11,2017-05-05,Kantar,1031.0,,,15.0,9.0,3.5,,24.0,,22.0,2.5,,21.0,
122,legislatives,2017-06-11,2017-04-28,OpinionWay,2500.0,,,10.0,13.0,,,26.0,,24.0,3.0,,19.0,4.0
123,legislatives,2012-06-10,2012-06-10,result,,42.78,,6.91,34.4,5.46,,1.77,,34.66,,,13.6,2.23
124,legislatives,2012-06-10,2012-06-07,Ipsos,1017.0,,,8.0,31.5,5.0,,2.0,,34.5,,,15.5,2.0
125,legislatives,2012-06-10,2012-06-07,OpinionWay,1791.0,,,8.0,32.0,5.5,,2.0,,33.5,,,16.0,1.0
126,legislatives,2012-06-10,2012-06-06,BVA,1182.0,,,9.0,32.0,4.5,,3.5,,32.0,1.0,,15.5,
127,legislatives,2012-06-10,2012-06-06,CSA,875.0,,,8.0,32.5,5.0,,3.0,,32.5,0.5,,14.0,3.0
128,legislatives,2012-06-10,2012-06-06,Harris,1043.0,,,7.0,34.0,5.0,,3.0,,33.0,,,15.0,2.0
129,legislatives,2012-06-10,2012-06-05,OpinionWay,1697.0,,,8.5,31.0,5.5,,2.0,,35.0,,,15.0,1.0
130,legislatives,2012-06-10,2012-06-02,BVA,960.0,,,8.0,31.5,5.0,,5.0,,34.5,,,14.5,
131,legislatives,2012-06-10,2012-06-02,Ipsos,894.0,,,7.0,32.5,6.0,,3.0,,34.0,,,14.0,
132,legislatives,2012-06-10,2012-06-02,Kantar,1000.0,,,7.5,31.5,5.0,,2.0,,35.0,,,15.0,2.5
133,legislatives,2012-06-10,2012-06-01,Ifop,874.0,,,8.0,33.0,4.0,,5.0,,34.0,,,15.0,1.5
134,legislatives,2012-06-10,2012-05-31,BVA,1139.0,,,9.0,33.0,4.0,,4.5,,32.0,0.5,,16.0,
135,legislatives,2012-06-10,2012-05-30,CSA,852.0,,,10.0,30.0,5.0,,3.0,,31.5,0.5,,14.0,5.0
136,legislatives,2012-06-10,2012-05-27,Ifop,1001.0,,,7.0,34.0,3.5,,4.0,,33.0,0.5,,15.5,
137,legislatives,2012-06-10,2012-05-26,Ipsos,962.0,,,8.0,31.0,6.0,,2.0,,35.0,,,15.0,1.5
138,legislatives,2012-06-10,2012-05-24,OpinionWay,1836.0,,,8.0,32.0,4.0,,4.0,,31.0,,,16.0,5.0
139,legislatives,2012-06-10,2012-05-19,Ifop,860.0,,,7.0,34.5,4.5,,4.0,,33.0,0.5,,16.0,
140,legislatives,2012-06-10,2012-05-10,BVA,1147.0,,,10.5,30.0,4.5,,5.0,,32.5,1.0,,16.0,3.0
141,legislatives,2012-06-10,2012-05-10,CSA,899.0,,,10.0,32.0,4.0,,4.0,,33.0,0.5,,12.0,3.0
142,legislatives,2012-06-10,2012-05-06,BVA,874.0,,,10.5,35.0,,,4.0,,33.0,,,17.0,
143,legislatives,2012-06-10,2012-05-06,CSA,1016.0,,,10.0,31.0,4.0,,6.0,,30.0,1.0,,15.0,2.0
144,legislatives,2012-06-10,2012-05-06,Harris,899.0,,,7.0,26.0,5.0,,5.0,,32.0,,,17.0,8.0
145,legislatives,2012-06-10,2012-05-06,Ifop,1968.0,,,8.0,31.0,5.0,,4.5,,33.5,,,18.0,0.0
146,legislatives,2007-06-10,2007-06-10,result,,39.56,,7.7,28.02,3.25,,7.61,,45.57,,,4.29,3.55
147,legislatives,2007-06-10,2007-06-01,Ifop,929.0,,,8.5,27.0,3.0,,9.0,,42.5,,,6.0,4.0
148,legislatives,2007-06-10,2007-05-25,Ifop,931.0,,,5.5,27.5,4.0,,12.0,,43.0,,,6.0,2.0
149,legislatives,2007-06-10,2007-05-11,Ifop,885.0,,,7.0,28.0,4.0,,14.0,,39.0,,,7.0,1.0
150,legislatives,2007-06-10,2007-05-04,Ifop,883.0,,,8.0,29.0,5.0,,12.0,,37.0,,,7.0,2.0
151,legislatives,2002-06-09,2002-06-09,result,,35.58,,7.61,27.93,4.51,,,,43.31,,,11.34,5.3
152,legislatives,2002-06-09,2002-06-05,Ipsos,3555.0,,,9.5,25.0,5.0,,,,40.0,,,12.0,8.5
153,legislatives,2002-06-09,2002-05-18,Ipsos,4490.0,,,9.0,24.0,7.0,,,,40.0,,,14.0,6.0
154,legislatives,2002-06-09,2001-03-28,BVA,628.0,,,12.0,31.0,10.0,,,,36.0,,,8.0,3.0
155,legislatives,2002-06-09,2000-01-15,Ipsos,719.0,,,15.0,26.0,7.0,,,,39.5,,,10.0,2.5
156,legislatives,1997-05-25,1997-05-25,result,,32.08,,2.52,37.7,6.81,,,,36.5,,,14.94,1.53
157,legislatives,1997-05-25,1997-05-16,CSA,588.0,,,2.0,38.5,7.5,,,,38.0,,,14.0,
158,legislatives,1997-05-25,1997-05-14,Ipsos,7854.0,,,1.5,37.5,5.5,,,,39.0,,,16.0,1.5
159,legislatives,1997-05-25,1997-05-13,CSA,650.0,,,2.0,38.0,7.0,,,,39.5,,,13.5,
160,legislatives,1997-05-25,1997-05-10,BVA,656.0,,,2.0,37.0,6.0,,,,40.0,,,15.0,
161,legislatives,1997-05-25,1997-05-10,BVA,957.0,,,1.5,38.5,8.0,,,,37.5,,,14.5,
162,legislatives,1997-05-25,1997-05-07,Ipsos,1269.0,,,1.5,38.0,6.0,,,,38.0,,,16.0,0.5
163,legislatives,1997-05-25,1997-05-06,CSA,869.0,,,2.0,39.5,4.5,,,,40.5,,,13.5,
164,legislatives,1997-05-25,1997-05-05,BVA,996.0,,,2.0,38.0,6.5,,,,39.0,,,14.5,
165,legislatives,1997-05-25,1997-05-03,BVA,949.0,,,2.0,38.0,7.0,,,,38.0,,,15.0,
166,legislatives,1997-05-25,1997-05-02,BVA,921.0,,,2.5,37.0,7.5,,,,40.0,,,13.0,
167,legislatives,1997-05-25,1997-04-30,Ipsos,7847.0,,,1.0,38.0,5.0,,,,40.5,,,15.5,
168,legislatives,1997-05-25,1997-04-26,BVA,972.0,,,2.0,36.0,7.0,,,,40.0,,,15.0,
169,legislatives,1997-05-25,1997-04-23,Ipsos,6597.0,,,1.5,39.0,5.0,,,,39.5,,,15.0,
170,legislatives,1997-05-25,1997-04-22,CSA,877.0,,,2.0,35.0,7.0,,,,43.0,,,13.0,
171,legislatives,1997-05-25,1997-04-19,BVA,672.0,,,2.0,35.5,8.5,,,,40.0,,,14.0,
172,legislatives,1997-05-25,1997-04-08,CSA,859.0,,,2.0,37.0,7.0,,,,38.0,,,16.0,
173,legislatives,1997-05-25,1997-03-22,Ipsos,7319.0,,,1.0,36.0,8.0,,,,40.0,,,15.0,
174,legislatives,1997-05-25,1996-11-26,Ipsos,6834.0,,,1.0,28.5,7.0,,,,39.5,,,14.0,10.0
175,legislatives,1993-03-21,1993-03-21,result,,31.07,,10.97,20.13,10.7,,,,42.88,,,12.42,2.9
176,legislatives,1993-03-21,1993-03-11,Ipsos,5694.0,,,9.0,20.0,16.0,,,,41.0,,,11.0,
177,legislatives,1993-03-21,1993-03-10,Ipsos,1890.0,,,9.0,18.0,12.0,,,,39.0,,,12.0,10.0
178,legislatives,1993-03-21,1993-03-06,Ipsos,3939.0,,,10.0,23.0,13.0,,,,41.0,,,11.0,1.0
179,legislatives,1993-03-21,1993-03-05,Ipsos,3454.0,,,10.0,22.0,14.0,,,,41.0,,,10.0,
180,legislatives,1993-03-21,1993-02-26,Ipsos,7234.0,,,10.0,19.0,16.0,,,,42.0,,,11.0,
181,legislatives,1993-03-21,1993-02-03,Ipsos,1540.0,,,9.0,21.0,17.0,,,,41.0,,,12.0,
182,legislatives,1993-03-21,1993-01-30,Ipsos,2708.0,,,9.0,19.0,17.0,,,,43.0,,,12.0,
183,legislatives,1993-03-21,1993-01-25,Ipsos,7077.0,,,9.0,21.0,16.0,,,,42.0,,,11.0,
184,legislatives,1993-03-21,1993-01-19,Ipsos,6131.0,,,10.0,17.0,19.0,,,,41.0,,,12.0,
185,legislatives,1993-03-21,1993-01-06,Ipsos,7302.0,,,8.0,21.0,15.0,,,,43.0,,,11.0,2.0
186,legislatives,1993-03-21,1992-12-18,Ipsos,7272.0,,,9.0,20.0,17.0,,,,42.0,,,12.0,
187,president,2017-04-23,2017-04-23,result,,22.23,,19.58,6.36,,,24.01,,20.01,4.7,,21.3,2.309999942779541
188,president,2017-04-23,2017-04-21,BVA,1134.0,22.0,29.0,19.5,8.0,,,23.0,,19.0,4.0,,23.0,1.5
189,president,2017-04-23,2017-04-21,Odoxa,666.0,,,19.0,7.5,,,24.5,,19.0,4.5,,23.0,1.5
190,president,2017-04-23,2017-04-20,Elabe,1197.0,29.0,23.0,19.5,7.0,,,24.0,,20.0,4.0,,21.5,2.0
191,president,2017-04-23,2017-04-20,Ifop,1900.0,27.0,26.0,18.5,7.0,,,24.5,,19.5,4.0,,22.5,2.0
192,president,2017-04-23,2017-04-20,Ipsos,1401.0,27.0,31.0,19.0,7.5,,,24.0,,19.0,4.0,,22.0,2.5
193,president,2017-04-23,2017-04-19,BVA,1098.0,24.0,29.0,19.0,8.5,,,24.0,,19.0,3.5,,23.0,1.0
194,president,2017-04-23,2017-04-19,Harris,2500.0,,,19.0,7.5,,,25.0,,19.0,4.0,,22.0,1.5
195,president,2017-04-23,2017-04-19,OpinionWay,1500.0,23.0,30.0,18.0,8.0,,,23.0,,21.0,4.0,,22.0,2.0
196,president,2017-04-23,2017-04-18,Ifop,1900.0,28.0,28.0,18.5,7.5,,,23.5,,19.5,4.0,,22.5,2.5
197,president,2017-04-23,2017-04-18,OpinionWay,1500.0,,,19.0,8.0,,,23.0,,20.0,4.0,,22.0,2.0
198,president,2017-04-23,2017-04-17,Elabe,1170.0,27.0,,18.0,8.0,,,24.0,,19.5,4.0,,23.0,1.0
199,president,2017-04-23,2017-04-17,Ipsos,8274.0,28.0,28.0,19.0,8.0,,,23.0,,19.5,4.0,,22.5,2.0
200,president,2017-04-23,2017-04-16,Kantar,1178.0,22.0,35.0,18.0,8.0,,,24.0,,18.5,4.0,,23.0,2.0
201,president,2017-04-23,2017-04-15,Ifop,2082.0,30.0,28.0,19.5,7.5,,,23.0,,19.5,4.0,,22.5,2.0
202,president,2017-04-23,2017-04-15,OpinionWay,1500.0,,,18.0,8.0,,,22.0,,21.0,3.0,,22.0,3.0
203,president,2017-04-23,2017-04-13,BVA,1044.0,28.0,34.0,20.0,7.5,,,23.0,,20.0,3.0,,22.0,2.0
204,president,2017-04-23,2017-04-13,Ifop,2776.0,,,19.0,8.0,0.0,,22.5,,19.0,4.0,,23.0,2.0
205,president,2017-04-23,2017-04-13,Ipsos,927.0,34.0,34.0,20.0,7.5,,,22.0,,19.0,3.5,,22.0,3.5
206,president,2017-04-23,2017-04-13,Odoxa,754.0,25.0,,19.0,8.0,,,24.5,,18.5,3.5,,23.0,2.0
207,president,2017-04-23,2017-04-12,Elabe,776.0,37.0,30.0,18.5,9.0,,,23.5,,20.0,3.0,,22.5,1.0
208,president,2017-04-23,2017-04-12,Harris,904.0,,27.0,19.0,8.0,,,24.0,,20.0,4.0,,22.0,2.0
209,president,2017-04-23,2017-04-11,Ifop,1952.0,32.0,30.0,18.5,8.5,,,22.5,,19.0,3.5,,23.5,2.0
210,president,2017-04-23,2017-04-11,OpinionWay,1000.0,,,17.0,8.0,,,23.0,,20.0,3.0,,24.0,3.0
211,president,2017-04-23,2017-04-10,Elabe,807.0,37.0,29.0,17.0,10.0,,,23.0,,19.0,4.0,,23.0,1.0
212,president,2017-04-23,2017-04-09,Ifop,2806.0,,,18.5,8.5,0.0,,23.0,,19.0,3.5,,24.0,1.5
213,president,2017-04-23,2017-04-08,Ifop,1860.0,33.0,29.0,18.0,9.0,,,23.0,,18.5,4.0,,24.0,1.0
214,president,2017-04-23,2017-04-08,Ifop,1845.0,32.0,,19.0,8.0,,,23.0,,18.5,3.5,,24.0,1.0
215,president,2017-04-23,2017-04-08,Ipsos,1000.0,34.0,40.0,18.5,8.0,,,24.0,,18.0,3.5,,24.0,1.5
216,president,2017-04-23,2017-04-08,OpinionWay,1000.0,,,18.0,9.0,,,23.0,,19.0,3.0,,24.0,2.0
217,president,2017-04-23,2017-04-06,BVA,1006.0,29.0,38.0,19.0,8.5,,,23.0,,19.0,3.5,,23.0,1.5
218,president,2017-04-23,2017-04-06,Harris,928.0,,,18.0,9.0,,,24.0,,19.0,3.0,,23.0,1.0
219,president,2017-04-23,2017-04-06,Kantar,1075.0,28.0,40.0,18.0,9.0,,,24.0,,17.0,3.5,,24.0,1.5
220,president,2017-04-23,2017-04-05,Elabe,776.0,36.0,30.0,17.0,9.0,,,23.5,,19.0,4.5,,23.5,1.0
221,president,2017-04-23,2017-04-05,Ifop,2243.0,,,16.5,9.5,0.0,,24.0,,18.5,4.5,,24.5,1.0
222,president,2017-04-23,2017-04-05,Odoxa,799.0,17.0,,18.0,9.0,,,23.5,,18.5,4.0,,23.0,1.5
223,president,2017-04-23,2017-04-04,Harris,5736.0,,,17.0,9.0,,,25.0,,18.0,3.0,,24.0,2.0
224,president,2017-04-23,2017-04-04,Ifop,1544.0,35.0,32.0,16.0,9.5,,,24.5,,18.0,4.5,,25.0,1.0
225,president,2017-04-23,2017-04-04,OpinionWay,1000.0,,,16.0,10.0,,,24.0,,20.0,3.0,,25.0,1.0
226,president,2017-04-23,2017-04-01,Ifop,1584.0,34.0,30.0,15.0,10.0,,,26.0,,17.0,4.0,,25.5,1.5
227,president,2017-04-23,2017-04-01,Ipsos,9460.0,34.0,36.0,15.0,10.0,,,25.0,,17.5,4.0,,25.0,1.5
228,president,2017-04-23,2017-04-01,OpinionWay,1056.0,,,15.0,11.0,,,24.0,,19.0,4.0,,25.0,1.0
229,president,2017-04-23,2017-03-30,BVA,1010.0,24.0,38.0,15.0,11.5,,,25.0,,19.0,3.0,,24.0,1.0
230,president,2017-04-23,2017-03-30,Odoxa,787.0,,,16.0,8.0,,,26.0,,17.0,5.0,,25.0,1.5
231,president,2017-04-23,2017-03-29,Elabe,757.0,41.0,33.0,15.0,10.0,,,25.5,,18.0,4.5,,24.0,2.0
232,president,2017-04-23,2017-03-28,Ifop,1965.0,37.0,33.0,14.0,10.0,,,26.0,,17.5,4.5,,25.5,1.5
233,president,2017-04-23,2017-03-28,OpinionWay,1062.0,,,15.0,10.0,,,25.0,,20.0,3.0,,25.0,1.0
234,president,2017-04-23,2017-03-27,OpinionWay,1500.0,,,15.0,11.0,0.0,,24.0,,19.0,4.0,,24.0,2.0
235,president,2017-04-23,2017-03-26,Ipsos,669.0,35.0,41.0,14.0,12.0,,,24.0,,18.0,3.5,,25.0,1.5
236,president,2017-04-23,2017-03-25,Ifop,1935.0,38.0,36.0,14.0,10.5,,,25.5,,17.5,5.0,,25.0,1.0
237,president,2017-04-23,2017-03-25,OpinionWay,1105.0,,,13.0,11.0,,,24.0,,20.0,3.0,,26.0,1.0
238,president,2017-04-23,2017-03-23,BVA,1020.0,24.0,40.0,14.0,11.5,,,26.0,,17.0,4.0,,25.0,1.5
239,president,2017-04-23,2017-03-23,Ifop,2225.0,,,13.0,10.5,0.0,,26.0,,18.0,5.0,,25.0,1.5
240,president,2017-04-23,2017-03-22,Harris,6383.0,26.0,,13.5,12.5,,,26.0,,18.0,4.0,,25.0,1.0
241,president,2017-04-23,2017-03-22,Ifop,1932.0,36.5,34.0,12.5,11.0,,,26.0,,18.0,5.5,,25.0,1.0
242,president,2017-04-23,2017-03-21,Elabe,746.0,38.0,33.0,13.5,11.5,,,26.0,,17.0,5.0,,24.5,1.5
243,president,2017-04-23,2017-03-21,OpinionWay,1029.0,,,13.0,12.0,,,25.0,,19.0,3.0,,25.0,2.0
244,president,2017-04-23,2017-03-20,Ifop,1472.0,,,11.5,11.5,,,25.5,,17.5,5.0,,26.0,1.5
245,president,2017-04-23,2017-03-20,OpinionWay,1500.0,,,14.0,11.0,0.0,,24.0,,19.0,4.0,,25.0,1.0
246,president,2017-04-23,2017-03-19,Ifop,629.0,37.5,37.0,11.5,12.5,,,25.0,,18.0,4.5,,26.0,1.0
247,president,2017-04-23,2017-03-18,Elabe,2168.0,41.0,32.0,13.0,13.5,,,25.5,,17.5,3.0,,25.0,1.5
248,president,2017-04-23,2017-03-18,OpinionWay,944.0,,,12.0,13.0,,,23.0,,18.0,3.0,,27.0,2.0
249,president,2017-04-23,2017-03-16,BVA,935.0,27.0,45.0,12.0,12.5,,,25.0,,19.5,3.0,,26.0,1.0
250,president,2017-04-23,2017-03-16,Ifop,1163.0,37.5,40.0,10.5,13.5,,,26.0,,18.0,3.5,,26.5,0.5
251,president,2017-04-23,2017-03-16,Kantar,1062.0,,42.0,12.0,12.0,,,26.0,,17.0,3.0,,26.0,1.5
252,president,2017-04-23,2017-03-16,Odoxa,672.0,,,10.5,12.5,,,26.5,,19.0,3.0,,26.0,0.5
253,president,2017-04-23,2017-03-15,Ipsos,8205.0,34.0,41.0,11.5,12.5,,,26.0,,17.5,3.5,,27.0,0.5
254,president,2017-04-23,2017-03-15,OpinionWay,870.0,,,11.0,12.0,,,25.0,,20.0,3.0,,28.0,0.0
255,president,2017-04-23,2017-03-14,Ifop,1202.0,36.5,39.0,11.5,13.5,,,25.5,,18.5,3.5,,26.5,0.0
256,president,2017-04-23,2017-03-13,OpinionWay,871.0,,,12.0,13.0,,,25.0,,19.0,3.0,,27.0,0.0
257,president,2017-04-23,2017-03-12,Ifop,997.0,36.0,36.0,11.5,14.0,,,25.0,,19.0,3.0,,26.5,0.0
258,president,2017-04-23,2017-03-09,BVA,950.0,26.0,41.0,11.5,13.5,,,26.0,,20.0,2.0,,26.0,0.0
259,president,2017-04-23,2017-03-09,Ifop,947.0,36.5,37.0,12.0,13.5,,,25.5,,19.5,2.5,,26.0,0.0
260,president,2017-04-23,2017-03-08,OpinionWay,904.0,,,11.0,14.0,,,26.0,,20.0,2.0,,26.0,0.0
261,president,2017-04-23,2017-03-07,Harris,4533.0,,,12.0,13.0,,,26.0,,20.0,3.0,,25.0,0.0
262,president,2017-04-23,2017-03-07,Ipsos,644.0,,,12.0,13.5,,,23.0,,19.5,2.5,,27.0,0.5
263,president,2017-04-23,2017-03-06,Elabe,700.0,40.0,39.0,12.0,13.5,,,25.5,,19.0,3.0,,26.0,0.0
264,president,2017-04-23,2017-03-06,OpinionWay,1010.0,,,11.0,14.0,,,26.0,,20.0,2.0,,26.0,0.0
265,president,2017-04-23,2017-03-05,Ifop,1187.0,36.0,37.0,11.5,14.0,,,25.0,,19.0,3.5,,26.0,0.0
266,president,2017-04-23,2017-03-04,OpinionWay,1056.0,,,11.0,15.0,,,24.0,,19.0,3.0,,27.0,0.0
267,president,2017-04-23,2017-03-03,Ifop,1100.0,35.0,38.0,12.0,14.0,,,25.5,,18.5,2.5,,26.5,1.0
268,president,2017-04-23,2017-03-03,Ipsos,10854.0,,47.0,11.5,14.0,,,25.0,,17.5,3.0,,27.0,0.0
269,president,2017-04-23,2017-03-03,Kantar,700.0,,41.0,11.0,13.0,,,20.0,,24.5,2.5,,27.0,0.5
270,president,2017-04-23,2017-03-03,Kantar,700.0,,46.0,12.0,16.0,,,25.0,,17.0,2.0,,26.0,0.5
271,president,2017-04-23,2017-03-02,Odoxa,907.0,19.0,,8.0,11.0,,,25.0,,26.5,4.0,,24.0,0.0
272,president,2017-04-23,2017-03-02,Odoxa,907.0,19.0,,10.0,14.0,,,27.0,,19.0,3.0,,25.5,0.0
273,president,2017-04-23,2017-03-01,BVA,924.0,28.0,46.0,11.5,15.5,,,24.0,,19.0,2.5,,26.0,0.0
274,president,2017-04-23,2017-03-01,Elabe,1000.0,41.0,36.0,12.5,12.5,,,24.0,,19.0,3.0,,27.0,0.0
275,president,2017-04-23,2017-03-01,Ifop,1147.0,37.0,39.0,11.0,14.5,,,24.0,,21.0,2.5,,26.0,0.0
276,president,2017-04-23,2017-03-01,OpinionWay,1024.0,,,11.0,15.0,,,24.0,,19.0,3.0,,27.0,0.0
277,president,2017-04-23,2017-02-27,OpinionWay,1060.0,,,11.0,16.0,,,24.0,,21.0,3.0,,25.0,0.0
278,president,2017-04-23,2017-02-26,Ifop,1191.0,38.0,41.0,11.5,14.0,,,24.0,,20.5,3.0,,25.5,0.0
279,president,2017-04-23,2017-02-25,Ifop,1200.0,39.5,42.0,11.5,13.5,,,24.5,,20.0,3.0,,26.0,0.0
280,president,2017-04-23,2017-02-25,OpinionWay,1039.0,,,11.0,15.0,,,24.0,,21.0,2.5,,26.0,0.5
281,president,2017-04-23,2017-02-24,Kantar,700.0,,42.0,10.0,14.0,,,25.0,,20.0,2.5,,27.0,0.0
282,president,2017-04-23,2017-02-23,Ifop,1171.0,39.5,40.0,11.0,13.0,2.0,,23.5,,20.5,2.5,,26.0,0.5
283,president,2017-04-23,2017-02-23,Odoxa,884.0,,,12.0,13.0,1.0,,25.0,,19.0,2.0,,27.0,0.0
284,president,2017-04-23,2017-02-22,Ifop,1167.0,39.5,40.0,11.0,13.5,2.0,,22.5,,20.5,2.0,,26.5,0.5
285,president,2017-04-23,2017-02-22,OpinionWay,901.0,,,11.0,13.0,2.0,,23.0,,21.0,3.0,,26.0,0.0
286,president,2017-04-23,2017-02-21,Harris,5249.0,,,13.0,14.0,2.0,,20.0,,21.0,3.0,,25.0,0.0
287,president,2017-04-23,2017-02-21,Ifop,1181.0,38.5,41.0,11.0,14.0,1.5,,19.0,,19.0,2.0,,26.5,0.0
288,president,2017-04-23,2017-02-21,OpinionWay,1021.0,,,11.0,13.0,2.0,,22.0,,21.0,4.0,,26.0,0.0
289,president,2017-04-23,2017-02-20,BVA,628.0,27.0,47.0,10.5,17.0,2.0,,21.0,,19.0,2.0,,27.5,0.0
290,president,2017-04-23,2017-02-20,OpinionWay,946.0,,,11.0,14.0,2.0,,22.0,,21.0,4.0,,26.0,0.0
291,president,2017-04-23,2017-02-19,Elabe,995.0,43.0,,13.0,13.0,1.0,,18.5,,21.0,3.5,,28.0,0.0
292,president,2017-04-23,2017-02-19,Ifop,1172.0,38.0,40.0,11.5,14.0,1.5,,19.0,,19.0,2.0,,26.0,0.0
293,president,2017-04-23,2017-02-19,Ifop,1472.0,,,12.0,15.5,2.0,,22.0,,20.0,2.0,,25.5,0.0
294,president,2017-04-23,2017-02-18,Ifop,1176.0,38.5,40.0,11.5,14.0,1.5,,19.0,5.5,18.5,2.5,,26.0,0.0
295,president,2017-04-23,2017-02-18,OpinionWay,904.0,,,12.0,16.0,2.0,,20.0,,20.0,3.0,,27.0,0.0
296,president,2017-04-23,2017-02-16,Ifop,1186.0,38.5,41.0,11.5,14.0,2.0,,18.5,5.5,18.5,3.0,,26.0,0.0
297,president,2017-04-23,2017-02-15,Ifop,1175.0,38.0,42.0,11.0,14.0,2.0,,19.5,5.0,18.5,3.0,,26.0,0.0
298,president,2017-04-23,2017-02-15,OpinionWay,983.0,,,13.0,16.0,2.0,,20.0,,20.0,3.0,,26.0,0.0
299,president,2017-04-23,2017-02-14,Ifop,1170.0,37.0,40.0,11.5,14.0,1.5,,19.5,5.0,18.5,3.0,,26.0,0.0
300,president,2017-04-23,2017-02-14,OpinionWay,961.0,,,12.0,16.0,2.0,,21.0,,20.0,3.0,,26.0,0.0
301,president,2017-04-23,2017-02-12,Ifop,1169.0,37.0,40.0,11.5,14.5,1.5,,19.5,5.0,18.5,3.0,,25.5,0.0
302,president,2017-04-23,2017-02-12,OpinionWay,894.0,,,11.0,15.0,2.0,,22.0,,20.0,3.0,,27.0,0.0
303,president,2017-04-23,2017-02-11,Ifop,1180.0,37.0,39.0,11.5,14.5,1.5,,19.5,5.5,18.0,2.5,,26.0,0.0
304,president,2017-04-23,2017-02-11,OpinionWay,1016.0,,,11.0,15.0,2.0,,22.0,,21.0,3.0,,26.0,0.0
305,president,2017-04-23,2017-02-10,Ipsos,11020.0,,50.0,11.5,14.0,2.0,,20.0,6.0,17.5,3.0,,25.0,0.5
306,president,2017-04-23,2017-02-09,Ifop,1208.0,38.0,40.0,11.0,15.0,1.5,,20.5,5.5,17.5,2.5,,26.0,0.0
307,president,2017-04-23,2017-02-08,Elabe,961.0,36.0,39.0,12.0,15.0,1.0,,22.0,5.0,17.0,1.5,,25.5,0.0
308,president,2017-04-23,2017-02-08,Ifop,1191.0,38.0,39.0,10.5,15.0,1.5,,21.0,5.5,17.5,2.5,,26.0,0.0
309,president,2017-04-23,2017-02-07,Harris,5432.0,29.0,,12.0,14.0,2.0,,21.0,5.0,19.0,2.0,,24.0,0.0
310,president,2017-04-23,2017-02-07,Ifop,1191.0,38.0,39.0,10.5,14.5,1.5,,21.0,5.5,18.0,2.0,,26.0,0.0
311,president,2017-04-23,2017-02-07,OpinionWay,899.0,,,13.0,16.0,1.0,,21.0,,20.0,4.0,,24.0,0.0
312,president,2017-04-23,2017-02-06,OpinionWay,928.0,,,12.0,15.0,1.0,,22.0,,20.0,3.0,,25.0,0.0
313,president,2017-04-23,2017-02-05,Elabe,993.0,,,13.0,14.0,0.5,,22.0,4.0,17.0,2.0,,26.5,0.0
314,president,2017-04-23,2017-02-05,Ifop,1201.0,38.0,40.0,10.5,14.5,1.0,,21.0,5.0,18.5,2.0,,26.0,0.0
315,president,2017-04-23,2017-02-05,OpinionWay,986.0,,,12.0,14.0,1.0,,23.0,,20.0,4.0,,25.0,0.0
316,president,2017-04-23,2017-02-04,Ifop,1184.0,39.0,43.0,10.0,15.5,1.0,,20.5,5.0,18.5,2.5,,25.5,0.0
317,president,2017-04-23,2017-02-04,OpinionWay,1064.0,,,11.0,14.0,2.0,,23.0,,20.0,3.0,,26.0,0.0
318,president,2017-04-23,2017-02-02,BVA,640.0,,40.0,11.0,16.0,1.0,,21.0,5.0,18.0,2.0,,25.0,0.0
319,president,2017-04-23,2017-02-02,Ifop,1184.0,39.0,45.0,10.0,16.5,1.0,,20.5,4.5,18.5,2.5,,25.0,0.0
320,president,2017-04-23,2017-02-01,Ifop,1184.0,38.0,44.0,9.5,17.0,1.0,,20.0,4.0,20.0,2.5,,24.5,0.0
321,president,2017-04-23,2017-01-31,Elabe,700.0,,37.0,10.0,17.0,1.0,,23.0,,20.0,1.0,,27.0,0.0
322,president,2017-04-23,2017-01-31,Elabe,700.0,,37.0,10.0,16.0,1.0,,22.0,4.0,19.0,1.0,,26.0,0.0
323,president,2017-04-23,2017-01-31,Ifop,1184.0,37.0,44.0,9.0,18.0,1.0,,20.0,4.5,21.0,2.0,,24.0,0.0
324,president,2017-04-23,2017-01-27,Kantar,1032.0,,,10.0,13.0,2.0,,20.0,5.0,21.0,3.0,,25.0,0.0
325,president,2017-04-23,2017-01-27,Kantar,1032.0,,,10.0,15.0,2.0,,21.0,,21.0,3.5,,25.0,0.5
326,president,2017-04-23,2017-01-20,Ipsos,1443.0,,,13.0,8.0,2.0,,20.0,,26.0,2.0,,27.0,0.0
327,president,2017-04-23,2017-01-12,Ipsos,15921.0,,,14.0,7.0,2.5,,21.0,,25.0,2.5,,26.0,0.0
328,president,2017-04-23,2017-01-07,BVA,946.0,,,12.5,6.0,2.5,,20.0,6.0,24.0,1.5,,26.0,0.0
329,president,2017-04-23,2017-01-04,Elabe,995.0,,,14.5,6.0,1.5,,23.0,,26.0,2.0,,24.0,0.0
330,president,2017-04-23,2017-01-04,Elabe,995.0,,,13.0,6.0,1.0,,21.0,8.0,24.0,1.5,,23.0,0.0
331,president,2017-04-23,2017-01-04,Ifop,1472.0,,,11.5,6.0,2.0,,19.0,7.0,24.5,1.5,,26.0,0.5
332,president,2017-04-23,2016-12-03,Ifop,1184.0,,,13.5,4.0,1.5,,16.0,9.0,28.0,2.0,,24.0,0.0
333,president,2017-04-23,2016-11-29,Elabe,1000.0,,,12.0,7.0,1.5,,16.0,6.0,30.0,2.0,,24.0,0.0
334,president,2017-04-23,2016-11-28,Kantar,1011.0,,,13.0,8.5,2.0,,17.0,,30.0,2.5,,24.0,0.5
335,president,2017-04-23,2016-11-28,Kantar,1011.0,,,12.0,7.5,2.0,,15.0,6.0,29.0,2.5,,23.0,0.5
336,president,2017-04-23,2016-11-27,Harris,6093.0,,,13.0,9.0,3.0,,14.0,6.0,26.0,3.0,,24.0,0.0
337,president,2017-04-23,2016-11-25,Odoxa,844.0,,,12.0,8.0,2.0,,13.0,6.0,32.0,2.0,,22.0,0.0
338,president,2017-04-23,2016-11-17,Ifop,979.0,,,13.0,10.0,3.0,,15.0,5.5,20.0,2.0,,29.0,0.0
339,president,2012-04-22,2012-04-22,result,,,,11.1,28.63,2.31,,9.13,,27.18,,,17.9,
340,president,2012-04-22,2012-04-20,Ifop,2000.0,,,13.5,27.0,3.0,,10.5,,27.0,,,16.0,
341,president,2012-04-22,2012-04-19,BVA,2161.0,,,14.0,30.0,2.0,,10.0,,26.5,,,14.0,
342,president,2012-04-22,2012-04-19,CSA,1005.0,,,14.5,28.0,2.0,,10.5,,25.0,,,16.0,
343,president,2012-04-22,2012-04-19,Harris,1068.0,,,12.0,27.5,3.0,,11.0,,26.5,2.0,,16.0,0.0
344,president,2012-04-22,2012-04-19,Ifop,1723.0,,,13.5,27.5,2.5,,10.0,,27.0,,,16.5,
345,president,2012-04-22,2012-04-19,Ifop,1691.0,,,13.5,26.0,2.5,,11.0,,28.0,,,16.0,
346,president,2012-04-22,2012-04-19,Ipsos,1021.0,,,14.0,29.0,2.0,,10.0,,25.5,,,16.0,
347,president,2012-04-22,2012-04-19,Kantar,1000.0,,,13.0,27.0,3.0,,10.0,,27.0,,,17.0,
348,president,2012-04-22,2012-04-18,BVA,956.0,,,15.0,27.0,2.5,,10.0,,26.5,,,15.5,
349,president,2012-04-22,2012-04-18,Ifop,1830.0,,,13.5,26.0,3.0,,11.0,,27.5,,,16.0,
350,president,2012-04-22,2012-04-17,BVA,1181.0,,,13.0,29.5,2.0,,12.0,,27.5,,,14.0,
351,president,2012-04-22,2012-04-17,CSA,886.0,,,15.0,29.0,2.0,,10.0,,24.0,,,17.0,
352,president,2012-04-22,2012-04-17,Ifop,1273.0,,,13.5,26.5,3.0,,10.5,,27.5,,,16.0,
353,president,2012-04-22,2012-04-17,OpinionWay,1002.0,,,13.0,27.5,2.0,,10.0,,27.5,,,16.0,
354,president,2012-04-22,2012-04-15,Ifop,1316.0,,,14.0,27.5,2.5,,10.0,,27.0,,,16.0,
355,president,2012-04-22,2012-04-14,Harris,991.0,,,12.0,27.0,2.0,,11.0,,28.0,1.5,,17.0,0.0
356,president,2012-04-22,2012-04-14,Ifop,1808.0,,,14.5,28.0,3.0,,9.5,,27.0,,,15.5,
357,president,2012-04-22,2012-04-14,Ipsos,894.0,,,14.5,27.0,2.5,,10.0,,27.0,,,15.5,
358,president,2012-04-22,2012-04-13,Ifop,1826.0,,,13.0,27.0,3.0,,10.5,,28.0,,,16.0,
359,president,2012-04-22,2012-04-12,BVA,885.0,,,13.0,30.0,2.0,,11.0,,27.0,,,15.0,
360,president,2012-04-22,2012-04-12,Ifop,1288.0,,,13.5,27.0,3.0,,10.0,,28.5,,,16.0,
361,president,2012-04-22,2012-04-12,Kantar,1167.0,,,16.0,28.0,2.5,,9.0,,26.0,,,16.0,
362,president,2012-04-22,2012-04-11,BVA,977.0,,,13.0,29.5,2.5,,10.5,,27.0,,,14.0,
363,president,2012-04-22,2012-04-11,CSA,1013.0,,,17.0,27.0,1.5,,11.0,,26.0,,,15.0,
364,president,2012-04-22,2012-04-11,Ifop,1770.0,,,14.0,27.0,3.0,,10.0,,28.0,,,16.0,
365,president,2012-04-22,2012-04-11,OpinionWay,1007.0,,,13.0,27.0,2.5,,10.0,,28.0,,,16.0,
366,president,2012-04-22,2012-04-10,Ifop,1812.0,,,14.0,27.5,2.5,,9.5,,28.0,,,16.5,
367,president,2012-04-22,2012-04-07,Ifop,1205.0,,,13.5,27.0,2.5,,10.0,,28.0,,,17.0,
368,president,2012-04-22,2012-04-07,Ipsos,955.0,,,14.5,28.5,1.5,,9.5,,29.0,,,15.0,
369,president,2012-04-22,2012-04-06,Ifop,1074.0,,,12.5,26.5,3.0,,10.0,,29.0,,,16.5,
370,president,2012-04-22,2012-04-06,Ifop,1869.0,,,14.0,27.0,2.5,,9.5,,28.5,,,16.5,
371,president,2012-04-22,2012-04-05,Harris,1033.0,,,13.0,27.0,3.0,,10.0,,28.0,1.0,,16.0,0.0
372,president,2012-04-22,2012-04-05,Ifop,1830.0,,,13.0,26.5,3.0,,10.0,,28.5,,,16.0,
373,president,2012-04-22,2012-04-04,Ifop,1476.0,,,12.5,27.0,3.0,,10.5,,28.5,,,16.0,
374,president,2012-04-22,2012-04-04,OpinionWay,969.0,,,14.0,26.0,2.0,,11.0,,28.5,,,16.0,
375,president,2012-04-22,2012-04-03,CSA,884.0,,,15.0,29.0,1.5,,10.0,,30.0,,,13.0,
376,president,2012-04-22,2012-04-03,Ifop,1641.0,,,12.5,27.5,3.0,,11.0,,28.5,,,15.5,
377,president,2012-04-22,2012-04-02,Ifop,1619.0,,,12.5,27.5,2.5,,11.0,,29.0,,,15.5,
378,president,2012-04-22,2012-03-31,BVA,973.0,,,15.0,28.5,2.0,,12.0,,27.5,,,13.5,
379,president,2012-04-22,2012-03-31,Harris,1059.0,,,14.0,26.0,3.0,,10.0,,29.0,1.0,,16.0,0.0
380,president,2012-04-22,2012-03-31,Ipsos,881.0,,,14.5,27.5,2.0,,10.0,,29.5,,,14.0,
381,president,2012-04-22,2012-03-30,BVA,2555.0,,,14.0,28.0,2.0,,11.0,,27.0,,,15.0,
382,president,2012-04-22,2012-03-30,Ifop,1097.0,,,13.5,27.0,2.5,,10.5,,28.5,,,16.0,
383,president,2012-04-22,2012-03-29,Ifop,888.0,,,14.0,26.5,2.5,,11.0,,28.0,,,16.5,
384,president,2012-04-22,2012-03-28,Ifop,1018.0,,,14.0,26.5,2.5,,11.0,,27.5,,,16.0,
385,president,2012-04-22,2012-03-27,CSA,876.0,,,12.5,26.0,2.5,,12.5,,30.0,,,15.0,
386,president,2012-04-22,2012-03-27,Ifop,894.0,,,13.5,26.5,2.5,,11.5,,28.0,,,16.0,
387,president,2012-04-22,2012-03-27,Kantar,1054.0,,,13.5,28.0,2.0,,10.0,,29.0,,,15.0,
388,president,2012-04-22,2012-03-27,OpinionWay,1448.0,,,11.0,27.0,2.0,,12.0,,28.0,,,17.0,
389,president,2012-04-22,2012-03-25,Ifop,1699.0,,,13.0,26.5,2.5,,12.0,,28.5,,,15.5,
390,president,2012-04-22,2012-03-24,Harris,1231.0,,,13.0,27.0,3.0,,11.0,,28.0,1.0,,16.0,0.0
391,president,2012-04-22,2012-03-24,Ifop,1769.0,,,13.0,27.0,2.0,,11.5,,28.5,,,15.5,
392,president,2012-04-22,2012-03-24,Ipsos,978.0,,,13.0,28.0,2.0,,11.5,,27.5,,,16.0,
393,president,2012-04-22,2012-03-23,Ifop,1142.0,,,12.0,27.0,3.0,,12.0,,28.5,,,16.0,
394,president,2012-04-22,2012-03-22,BVA,926.0,,,14.0,29.5,2.0,,12.0,,28.0,,,13.0,
395,president,2012-04-22,2012-03-22,Ifop,1340.0,,,11.0,27.5,3.0,,12.0,,28.0,,,17.0,
396,president,2012-04-22,2012-03-21,Ifop,1445.0,,,10.5,28.0,2.5,,12.0,,28.0,,,17.0,
397,president,2012-04-22,2012-03-20,CSA,888.0,,,13.0,28.0,2.0,,13.0,,30.0,,,13.5,
398,president,2012-04-22,2012-03-20,Ifop,1688.0,,,10.5,28.0,2.5,,12.0,,27.5,,,17.5,
399,president,2012-04-22,2012-03-19,Ifop,916.0,,,10.5,27.5,3.0,,12.5,,27.5,,,17.0,
400,president,2012-04-22,2012-03-17,BVA,962.0,,,11.0,30.5,2.5,,12.5,,27.5,,,14.5,
401,president,2012-04-22,2012-03-17,Harris,1097.0,,,11.0,28.0,3.0,,12.0,,27.0,,,16.0,
402,president,2012-04-22,2012-03-17,Ifop,961.0,,,11.0,27.0,2.5,,13.0,,27.5,,,17.5,
403,president,2012-04-22,2012-03-17,Ipsos,950.0,,,11.5,28.5,2.0,,13.0,,27.5,,,15.0,
404,president,2012-04-22,2012-03-16,Ifop,1024.0,,,10.5,26.5,3.0,,13.0,,27.5,,,17.0,
405,president,2012-04-22,2012-03-15,Ifop,1344.0,,,10.0,26.5,2.5,,13.5,,28.0,,,17.0,
406,president,2012-04-22,2012-03-15,OpinionWay,1183.0,,,10.0,27.5,2.0,,13.0,,27.5,,,16.0,
407,president,2012-04-22,2012-03-14,Ifop,1660.0,,,10.5,27.0,2.0,,13.0,,28.0,,,16.5,
408,president,2012-04-22,2012-03-13,CSA,861.0,,,11.0,28.0,1.0,,13.0,,28.0,,,16.0,
409,president,2012-04-22,2012-03-13,Ifop,1657.0,,,10.0,27.5,2.0,,12.5,,28.5,,,16.5,
410,president,2012-04-22,2012-03-12,Ifop,1638.0,,,10.0,27.0,2.5,,13.0,,28.5,,,16.0,
411,president,2012-04-22,2012-03-12,Ifop,1667.0,,,9.5,28.5,2.5,,12.0,,28.0,,,16.5,
412,president,2012-04-22,2012-03-12,Kantar,1016.0,,,10.0,30.0,3.0,,11.5,,26.0,,,16.0,
413,president,2012-04-22,2012-03-09,Ifop,1119.0,,,9.5,29.0,2.5,,11.5,,27.0,,,17.0,
414,president,2012-04-22,2012-03-08,Ifop,976.0,,,9.5,29.0,2.5,,12.0,,26.5,,,17.5,
415,president,2012-04-22,2012-03-07,Ifop,1756.0,,,8.5,29.5,3.0,,12.5,,26.0,,,18.0,
416,president,2012-04-22,2012-03-06,Ifop,1052.0,,,8.0,29.5,3.0,,12.5,,26.0,,,18.5,
417,president,2012-04-22,2012-03-06,OpinionWay,1221.0,,,8.0,29.0,3.0,,13.0,,26.0,,,17.0,
418,president,2012-04-22,2012-03-05,CSA,888.0,,,10.0,30.0,2.0,,13.0,,28.0,,,15.0,
419,president,2012-04-22,2012-03-05,Ifop,1043.0,,,7.5,29.0,3.0,,12.0,,26.0,,,19.0,
420,president,2012-04-22,2012-03-03,BVA,971.0,,,8.5,30.5,4.5,,15.0,,23.0,,,15.0,
421,president,2012-04-22,2012-03-03,BVA,963.0,,,8.0,33.0,2.0,,13.0,,25.0,,,14.0,
422,president,2012-04-22,2012-03-03,Harris,975.0,,,9.0,27.0,3.0,,13.0,,25.0,,,18.0,
423,president,2012-04-22,2012-03-03,Ipsos,966.0,,,9.5,29.5,2.0,,12.5,,25.0,,,17.5,
424,president,2012-04-22,2012-03-02,Ifop,1470.0,,,8.0,29.0,3.0,,12.0,,25.5,,,18.5,
425,president,2012-04-22,2012-03-01,Ifop,1841.0,,,8.0,29.0,3.0,,12.5,,25.5,,,18.0,
426,president,2012-04-22,2012-02-29,Ifop,948.0,,,8.5,28.0,3.0,,12.0,,26.5,,,18.0,
427,president,2012-04-22,2012-02-28,Ifop,1751.0,,,9.0,28.0,2.5,,12.0,,27.0,,,18.0,
428,president,2012-04-22,2012-02-27,Kantar,601.0,,,9.5,30.0,2.5,,10.5,,28.0,,,17.0,
429,president,2012-04-22,2012-02-26,Ifop,892.0,,,9.0,28.0,3.0,,12.0,,27.0,,,17.5,
430,president,2012-04-22,2012-02-25,Ifop,1723.0,,,8.5,28.5,3.0,,12.5,,27.0,,,17.0,
431,president,2012-04-22,2012-02-25,Ipsos,959.0,,,8.0,31.5,2.5,,11.5,,27.0,,,16.0,
432,president,2012-04-22,2012-02-24,Ifop,966.0,,,8.0,27.5,3.0,,12.5,,26.5,,,18.0,
433,president,2012-04-22,2012-02-23,Ifop,1267.0,,,8.0,28.5,2.5,,11.5,,26.5,,,18.5,
434,president,2012-04-22,2012-02-22,Ifop,874.0,,,8.5,29.0,2.5,,11.0,,27.0,,,18.0,
435,president,2012-04-22,2012-02-21,Ifop,1564.0,,,8.5,29.0,2.5,,11.0,,27.0,,,17.5,
436,president,2012-04-22,2012-02-20,CSA,891.0,,,9.0,28.0,3.0,,11.0,,27.0,,,17.0,
437,president,2012-04-22,2012-02-20,Ifop,967.0,,,9.0,29.0,2.5,,11.0,,27.0,,,17.5,
438,president,2012-04-22,2012-02-18,BVA,967.0,,,8.0,32.0,3.0,,13.0,,26.0,,,14.0,
439,president,2012-04-22,2012-02-18,Ipsos,969.0,,,9.0,32.0,3.0,,11.0,,25.0,,,16.0,
440,president,2012-04-22,2012-02-18,OpinionWay,975.0,,,8.0,29.0,2.0,,13.0,,27.0,,,16.5,
441,president,2012-04-22,2012-02-17,Ifop,1499.0,,,8.5,29.5,2.5,,12.0,,26.0,,,17.0,
442,president,2012-04-22,2012-02-16,BVA,949.0,,,9.0,31.0,3.0,,13.0,,26.0,,,15.0,
443,president,2012-04-22,2012-02-16,Ifop,1214.0,,,7.5,29.5,2.5,,11.5,,26.5,,,17.0,
444,president,2012-04-22,2012-02-15,Ifop,1095.0,,,8.0,30.0,3.0,,11.5,,25.5,,,17.5,
445,president,2012-04-22,2012-02-14,Ifop,1895.0,,,7.5,30.0,3.5,,11.5,,25.5,,,17.5,
446,president,2012-04-22,2012-02-13,Ifop,1844.0,,,8.0,30.0,3.0,,12.0,,24.5,,,18.0,
447,president,2012-04-22,2012-02-11,Harris,954.0,,,8.0,28.0,4.0,,13.0,,24.0,,,20.0,
448,president,2012-04-22,2012-02-11,Ifop,1723.0,,,8.5,30.0,3.0,,12.5,,25.0,,,17.5,
449,president,2012-04-22,2012-02-10,Ifop,1885.0,,,8.0,31.0,3.0,,10.5,,24.5,,,19.0,
450,president,2012-04-22,2012-02-09,Ifop,1917.0,,,8.0,31.0,3.0,,10.0,,24.5,,,19.5,
451,president,2012-04-22,2012-02-08,Ifop,1322.0,,,8.0,30.5,3.0,,10.5,,24.0,,,20.0,
452,president,2012-04-22,2012-02-07,CSA,869.0,,,8.0,30.0,2.0,,13.0,,26.0,,,17.5,
453,president,2012-04-22,2012-02-07,Ifop,1476.0,,,8.0,30.0,2.5,,11.0,,24.0,,,20.5,
454,president,2012-04-22,2012-02-07,OpinionWay,1346.0,,,7.0,29.0,3.0,,13.0,,25.5,,,18.0,
455,president,2012-04-22,2012-02-06,Ifop,1509.0,,,8.5,30.0,2.5,,11.5,,23.5,,,19.5,
456,president,2012-04-22,2012-02-04,BVA,968.0,,,7.0,34.0,2.0,,14.0,,26.0,,,16.0,
457,president,2012-04-22,2012-02-04,BVA,955.0,,,7.5,34.0,3.0,,12.0,,25.5,,,15.0,
458,president,2012-04-22,2012-02-04,Ipsos,953.0,,,8.5,32.0,2.0,,12.5,,25.0,,,16.0,
459,president,2012-04-22,2012-02-03,Ifop,1534.0,,,8.0,29.5,2.5,,12.5,,24.5,,,19.0,
460,president,2012-04-22,2012-02-02,Ifop,1423.0,,,7.5,30.5,2.5,,12.5,,24.5,,,18.5,
461,president,2012-04-22,2012-02-02,Ifop,922.0,,,8.0,29.5,2.5,,12.5,,24.5,,,19.0,
462,president,2012-04-22,2012-02-01,Ifop,1243.0,,,8.0,30.5,2.5,,12.0,,24.5,,,19.5,
463,president,2012-04-22,2012-01-31,BVA,1448.0,,,8.0,34.0,3.0,,12.0,,25.0,,,15.0,
464,president,2012-04-22,2012-01-31,Ifop,1823.0,,,7.5,31.0,2.5,,12.0,,23.5,,,20.0,
465,president,2012-04-22,2012-01-30,Ifop,1387.0,,,7.5,31.0,3.0,,11.5,,24.5,,,19.0,
466,president,2012-04-22,2012-01-30,Ifop,1393.0,,,8.0,29.5,2.5,,12.5,,23.0,,,20.5,
467,president,2012-04-22,2012-01-30,Kantar,625.0,,,9.0,31.5,3.0,,12.0,,26.0,,,16.0,
468,president,2012-04-22,2012-01-27,Ifop,1189.0,,,8.0,28.0,3.0,,13.5,,22.0,,,20.5,
469,president,2012-04-22,2012-01-26,Ifop,935.0,,,8.0,28.0,3.0,,13.5,,22.0,,,20.5,
470,president,2012-04-22,2012-01-26,Ifop,868.0,,,8.0,27.0,3.5,,13.5,,23.0,,,20.0,
471,president,2012-04-22,2012-01-25,Ifop,1441.0,,,7.5,27.5,3.0,,13.0,,23.0,,,20.0,
472,president,2012-04-22,2012-01-24,CSA,898.0,,,9.0,31.0,2.0,,15.0,,25.0,,,17.0,
473,president,2012-04-22,2012-01-24,Ifop,1030.0,,,7.5,27.5,3.0,,13.0,,23.5,,,19.0,
474,president,2012-04-22,2012-01-24,OpinionWay,1087.0,,,8.0,27.5,3.0,,14.0,,24.0,,,17.0,
475,president,2012-04-22,2012-01-23,Ifop,1196.0,,,7.0,27.0,2.5,,13.5,,23.5,,,20.0,
476,president,2012-04-22,2012-01-21,Harris,1029.0,,,8.0,27.0,4.0,,14.0,,23.0,,,20.0,
477,president,2012-04-22,2012-01-20,Ifop,1425.0,,,8.0,26.5,3.5,,13.0,,23.0,,,21.0,
478,president,2012-04-22,2012-01-19,BVA,974.0,,,7.0,30.0,4.0,,13.0,,23.0,,,18.0,
479,president,2012-04-22,2012-01-19,Ifop,1694.0,,,8.5,27.0,3.5,,12.0,,23.0,,,21.0,
480,president,2012-04-22,2012-01-18,Ifop,1639.0,,,8.0,28.0,3.0,,12.5,,24.0,,,20.0,
481,president,2012-04-22,2012-01-17,Ifop,1445.0,,,7.5,28.5,2.5,,12.5,,24.5,,,19.5,
482,president,2012-04-22,2012-01-16,Ifop,961.0,,,7.0,28.5,3.0,,12.5,,25.0,,,20.0,
483,president,2012-04-22,2012-01-14,BVA,966.0,,,8.5,30.0,3.0,,14.0,,23.5,,,17.0,
484,president,2012-04-22,2012-01-14,Ipsos,949.0,,,7.5,29.0,3.0,,14.0,,23.0,,,18.0,
485,president,2012-04-22,2012-01-13,Ifop,1572.0,,,6.5,27.0,3.5,,12.5,,24.0,,,21.5,
486,president,2012-04-22,2012-01-12,Ifop,1784.0,,,6.5,27.0,3.5,,13.0,,23.5,,,21.5,
487,president,2012-04-22,2012-01-12,Ifop,1550.0,,,7.5,28.0,3.0,,12.5,,24.0,,,20.0,
488,president,2012-04-22,2012-01-11,OpinionWay,1060.0,,,6.0,27.0,3.0,,15.0,,25.0,,,17.0,
489,president,2012-04-22,2012-01-10,CSA,1005.0,,,7.0,29.0,2.0,,13.0,,26.0,,,19.0,
490,president,2012-04-22,2012-01-07,BVA,973.0,,,8.0,28.0,4.0,,11.0,,24.0,,,17.0,
491,president,2012-04-22,2012-01-05,Ifop,1163.0,,,6.0,28.0,3.0,,12.0,,26.0,,,19.0,
492,president,2012-04-22,2011-12-18,OpinionWay,983.0,,,7.5,27.0,4.0,,14.0,,24.0,,,16.0,
493,president,2012-04-22,2011-12-14,Harris,1031.0,,,6.0,28.0,4.0,,11.0,,25.0,,,19.0,
494,president,2012-04-22,2011-12-14,Ifop,1008.0,,,6.5,27.5,5.0,,11.0,,24.0,,,20.0,
495,president,2012-04-22,2011-12-14,OpinionWay,912.0,,,6.0,29.0,3.0,,11.0,,25.0,,,17.0,
496,president,2012-04-22,2011-12-13,CSA,1006.0,,,6.0,32.0,3.0,,11.0,,26.0,,,16.0,
497,president,2012-04-22,2011-12-10,BVA,953.0,,,6.5,31.5,4.5,,13.0,,26.0,,,13.5,
498,president,2012-04-22,2011-12-03,BVA,985.0,,,7.0,35.0,3.0,,9.0,,24.5,,,17.0,
499,president,2012-04-22,2011-12-03,Ipsos,955.0,,,7.5,32.0,6.0,,7.0,,25.5,,,17.0,
500,president,2012-04-22,2011-11-30,Ifop,1002.0,,,7.5,29.5,4.0,,8.5,,26.0,,,19.5,
501,president,2012-04-22,2011-11-26,Kantar,1003.0,,,8.0,31.0,5.0,,7.0,,28.0,,,16.5,
502,president,2012-04-22,2011-11-24,OpinionWay,952.0,,,7.0,30.0,5.0,,7.0,,26.0,,,18.0,
503,president,2012-04-22,2011-11-22,BVA,957.0,,,5.0,32.0,4.0,,7.0,,27.0,,,18.0,
504,president,2012-04-22,2011-11-19,BVA,830.0,,,7.0,30.0,6.0,,7.0,,29.0,,,15.0,
505,president,2012-04-22,2011-11-16,Ifop,1146.0,,,7.0,32.5,4.0,,6.0,,26.0,,,19.0,
506,president,2012-04-22,2011-11-15,CSA,1001.0,,,5.0,34.0,4.0,,7.0,,27.0,,,16.0,
507,president,2012-04-22,2011-11-05,BVA,973.0,,,5.0,36.0,5.0,,6.0,,25.0,,,18.0,
508,president,2012-04-22,2011-11-04,Ifop,1843.0,,,6.0,32.5,4.5,,7.0,,25.5,,,19.0,
509,president,2012-04-22,2011-10-29,Ipsos,970.0,,,6.0,35.0,6.0,,5.5,,24.0,,,19.0,
510,president,2012-04-22,2011-10-22,BVA,813.0,,,6.5,39.0,5.0,,8.5,,24.0,,,14.0,
511,president,2012-04-22,2011-10-20,Ifop,941.0,,,6.0,35.0,4.5,,6.5,,25.0,,,17.0,
512,president,2012-04-22,2011-10-18,BVA,950.0,,,6.0,39.0,4.0,,7.0,,23.0,,,19.0,
513,president,2012-04-22,2011-10-17,CSA,1010.0,,,5.0,35.0,3.0,,9.0,,25.0,,,16.0,
514,president,2012-04-22,2011-10-01,Ipsos,962.0,,,8.0,32.0,5.0,,5.5,,21.0,,,16.0,
515,president,2012-04-22,2011-09-30,BVA,843.0,,,8.0,31.0,7.0,,8.0,,21.0,,,15.0,
516,president,2012-04-22,2011-09-20,CSA,835.0,,,6.0,28.0,4.0,,7.0,,24.0,,,18.0,
517,president,2012-04-22,2011-09-05,Harris,888.0,,,3.0,28.5,8.0,,7.0,,23.5,,,18.0,
518,president,2012-04-22,2011-09-03,BVA,818.0,,,4.0,35.0,6.0,,6.0,,27.0,,,11.0,
519,president,2012-04-22,2011-09-03,Ipsos,963.0,,,5.0,30.0,5.0,,6.0,,22.0,,,17.0,
520,president,2012-04-22,2011-09-02,Ifop,1918.0,,,6.0,29.0,6.0,,6.0,,23.5,,,18.5,
521,president,2012-04-22,2011-07-19,Ifop,1862.0,,,4.0,28.0,7.0,,6.5,,23.0,,,20.0,
522,president,2012-04-22,2011-06-08,Ifop,1440.0,,,6.0,26.0,6.0,,7.0,,22.0,,,21.0,
523,president,2012-04-22,2011-05-17,Ifop,1013.0,,,6.0,26.0,6.0,,5.0,,22.5,,,21.0,
524,president,2007-04-22,2007-04-22,result,,,,5.41,25.87,1.57,,18.57,,31.18,,,10.44,
525,president,2007-04-22,2007-04-20,CSA,888.0,,,,23.5,,,19.0,,25.5,,,16.5,
526,president,2007-04-22,2007-04-20,CSA,795.0,,,,25.0,,,19.0,,26.0,,,14.0,
527,president,2007-04-22,2007-04-20,Ifop,1551.0,,,,22.5,,,21.0,,24.5,,,16.0,
528,president,2007-04-22,2007-04-20,Ipsos,3709.0,,,5.5,23.0,1.5,,18.0,,30.0,2.5,2.0,13.0,4.5
529,president,2007-04-22,2007-04-19,BVA,1120.0,,,7.0,25.0,1.0,,15.0,,29.0,3.0,1.0,13.0,6.0
530,president,2007-04-22,2007-04-19,Kantar,553.0,,,5.0,24.0,1.0,,19.5,,28.0,,,14.0,
531,president,2007-04-22,2007-04-18,Ifop,1515.0,,,5.102040767669678,22.959182739257812,1.5306122303009033,,19.387754440307617,,28.571428298950195,2.551020383834839,2.040816307067871,12.755102157592773,5.102040767669678
532,president,2007-04-22,2007-04-17,CSA,835.0,,,,25.0,,,19.0,,27.0,,,15.5,
533,president,2007-04-22,2007-04-17,Kantar,1322.0,,,3.5,25.0,1.5,,19.0,,28.5,,,14.0,
534,president,2007-04-22,2007-04-16,BVA,841.0,,,7.5,23.0,2.0,,19.0,,27.0,1.5,1.5,14.0,4.5
535,president,2007-04-22,2007-04-15,Ifop,1770.0,,,6.0,24.0,1.0,,18.0,,28.5,2.0,2.0,13.0,5.5
536,president,2007-04-22,2007-04-15,Ipsos,5402.0,,,5.0,25.0,1.0,,17.5,,29.5,1.5,1.5,13.5,5.5
537,president,2007-04-22,2007-04-14,CSA,631.0,,,6.0,23.0,1.0,,21.0,,26.0,1.5,2.0,15.0,4.5
538,president,2007-04-22,2007-04-12,BVA,864.0,,,5.5,24.0,1.0,,18.0,,28.0,2.0,2.0,14.0,5.5
539,president,2007-04-22,2007-04-12,CSA,945.0,,,5.5,25.0,1.5,,19.0,,27.0,1.0,1.5,15.0,4.5
540,president,2007-04-22,2007-04-12,Ipsos,2492.0,,,5.418719172477722,23.645320892333984,1.477832555770874,,18.71921157836914,,29.06403923034668,0.9852216839790344,1.477832555770874,13.793103218078613,5.418719291687012
541,president,2007-04-22,2007-04-12,Kantar,1193.0,,,4.0,26.0,1.5,,17.0,,30.0,,,12.0,
542,president,2007-04-22,2007-04-09,BVA,1107.0,,,5.5,24.0,2.0,,18.0,,28.0,1.5,1.0,15.0,5.0
543,president,2007-04-22,2007-04-08,Ifop,1385.0,,,,22.0,,,20.0,,28.5,,,14.0,
544,president,2007-04-22,2007-04-08,Ipsos,1461.0,,,7.0,22.5,1.0,,19.5,,30.5,1.0,1.0,13.0,4.5
545,president,2007-04-22,2007-04-06,CSA,961.0,,,,23.5,,,22.0,,26.0,,,15.0,
546,president,2007-04-22,2007-04-05,BVA,1018.0,,,7.0,24.0,1.0,,18.0,,29.5,2.5,1.0,12.0,5.0
547,president,2007-04-22,2007-04-05,CSA,981.0,,,5.5,23.5,1.5,,21.0,,26.0,1.0,1.5,16.0,4.0
548,president,2007-04-22,2007-04-05,Kantar,733.0,,,4.0,23.5,1.0,,20.0,,28.0,,,13.0,
549,president,2007-04-22,2007-04-04,Ifop,865.0,,,7.0,23.0,1.0,,20.0,,27.5,1.5,1.5,14.0,4.5
550,president,2007-04-22,2007-04-03,Ipsos,2860.0,,,5.5,24.0,1.0,,19.0,,31.5,1.0,1.0,13.5,3.5
551,president,2007-04-22,2007-04-01,Ifop,1799.0,,,4.59183669090271,23.46938705444336,1.0204081535339355,,21.428571701049805,,28.571428298950195,2.551020383834839,1.0204081535339355,13.77550983428955,3.5714285373687744
552,president,2007-04-22,2007-03-29,BVA,833.0,,,7.462686538696289,26.865671157836914,0.9950248599052429,,19.900497436523438,,27.86069679260254,0.9950248599052429,0.49751242995262146,11.940298080444336,3.4825870990753174
553,president,2007-04-22,2007-03-29,CSA,648.0,,,5.472636818885803,24.378108978271484,0.9950248599052429,,19.402984619140625,,25.870647430419922,1.492537260055542,0.9950248599052429,14.925373077392578,6.4676618576049805
554,president,2007-04-22,2007-03-29,Ipsos,8722.0,,,6.0,25.0,0.5,,17.5,,31.5,1.5,1.5,12.0,4.5
555,president,2007-04-22,2007-03-29,Kantar,1087.0,,,3.5,27.0,1.0,,18.0,,30.0,,,12.0,
556,president,2007-04-22,2007-03-27,BVA,500.0,,,,25.0,,,24.0,,26.0,,,13.0,
557,president,2007-04-22,2007-03-26,BVA,661.0,,,5.5,27.0,1.0,,20.0,,27.0,1.5,2.0,12.0,4.0
558,president,2007-04-22,2007-03-25,Ifop,1411.0,,,5.5,25.0,1.0,,22.0,,26.0,2.0,0.5,14.5,3.5
559,president,2007-04-22,2007-03-25,Ipsos,2676.0,,,5.0,25.5,1.0,,19.0,,30.0,1.0,1.0,13.5,4.0
560,president,2007-04-22,2007-03-22,BVA,755.0,,,6.0,24.0,1.0,,17.0,,31.0,1.0,0.5,13.0,6.5
561,president,2007-04-22,2007-03-22,Ifop,1549.0,,,5.9701491594314575,23.880596160888672,0.9950248599052429,,20.895523071289062,,27.86069679260254,0.9950248599052429,0.49751242995262146,13.93034839630127,4.975124359130859
562,president,2007-04-22,2007-03-22,Ipsos,8395.0,,,4.0201005935668945,25.628141403198242,1.0050251483917236,,18.59296417236328,,30.65326690673828,2.0100502967834473,0.5025125741958618,13.065326690673828,4.522613048553467
563,president,2007-04-22,2007-03-22,Kantar,1068.0,,,3.5,26.5,1.0,,21.5,,28.0,,,11.0,
564,president,2007-04-22,2007-03-21,CSA,769.0,,,5.5,26.0,1.0,,21.0,,26.0,1.5,0.5,13.0,5.5
565,president,2007-04-22,2007-03-18,Ifop,976.0,,,5.970149040222168,23.880596160888672,1.492537260055542,,22.388059616088867,,25.870647430419922,1.492537260055542,0.49751242995262146,13.93034839630127,4.477612018585205
566,president,2007-04-22,2007-03-17,BVA,1152.0,,,5.0,23.0,1.0,,21.0,,29.0,2.0,0.5,13.0,5.5
567,president,2007-04-22,2007-03-15,Ipsos,623.0,,,4.97512423992157,23.880596160888672,0.9950248599052429,,22.88557243347168,,28.35820960998535,0.49751242995262146,0.49751242995262146,13.432835578918457,4.477611541748047
568,president,2007-04-22,2007-03-15,Kantar,679.0,,,2.0,24.0,1.0,,22.0,,31.0,,,12.0,
569,president,2007-04-22,2007-03-14,CSA,961.0,,,4.0201005935668945,26.130653381347656,1.0050251483917236,,21.105527877807617,,27.135679244995117,1.5075377225875854,0.5025125741958618,14.070351600646973,4.522613048553467
570,president,2007-04-22,2007-03-11,Ipsos,6824.0,,,3.9800994396209717,25.37313461303711,1.492537260055542,,21.393033981323242,,30.84577178955078,0.49751242995262146,0.49751242995262146,12.437810897827148,3.4825870990753174
571,president,2007-04-22,2007-03-09,Ifop,1047.0,,,4.568527936935425,23.35025405883789,1.0152283906936646,,23.35025405883789,,28.426395416259766,1.0152283906936646,1.0152283906936646,13.197969436645508,4.060913562774658
572,president,2007-04-22,2007-03-08,Ipsos,6378.0,,,3.0,27.0,0.5,,19.0,,32.5,1.0,0.5,12.5,4.0
573,president,2007-04-22,2007-03-08,Kantar,949.0,,,4.0,25.5,1.0,,23.0,,27.0,,,12.0,
574,president,2007-04-22,2007-03-06,BVA,500.0,,,,26.0,,,21.0,,28.0,,,14.0,
575,president,2007-04-22,2007-03-05,Ipsos,1348.0,,,4.0404040813446045,25.252525329589844,1.0101009607315063,,19.191919326782227,,32.3232307434082,0.5050504803657532,0.5050504803657532,12.626262664794922,4.545454502105713
576,president,2007-04-22,2007-03-01,Ipsos,8129.0,,,4.545454502105713,25.252525329589844,1.5151515007019043,,18.18181800842285,,32.3232307434082,1.0101009607315063,0.5050504803657532,12.626262664794922,4.040403842926025
577,president,2007-04-22,2007-03-01,Kantar,1131.0,,,3.0,25.5,1.0,,18.5,,31.0,,,12.0,
578,president,2007-04-22,2007-02-27,Ifop,1537.0,,,6.5,25.5,0.5,,19.0,,29.0,2.0,0.5,12.0,5.0
579,president,2007-04-22,2007-02-26,Ipsos,6111.0,,,,26.0,,,17.5,,31.0,,,13.0,
580,president,2007-04-22,2007-02-19,Ipsos,580.0,,,5.55555534362793,23.232322692871094,1.0101009607315063,,16.1616153717041,,33.33333206176758,1.5151515007019043,1.0101009607315063,13.13131332397461,5.050504684448242
581,president,2007-04-22,2007-02-17,Ipsos,4644.0,,,5.55555534362793,23.232322692871094,1.0101009607315063,,16.1616153717041,,33.33333206176758,1.5151515007019043,1.0101009607315063,13.13131332397461,5.050504684448242
582,president,2007-04-22,2007-02-15,Kantar,916.0,,,3.5,26.0,1.0,,12.0,,33.0,,,13.0,
583,president,2007-04-22,2007-02-13,Ifop,1494.0,,,,26.0,,,14.0,,33.5,,,10.0,
584,president,2007-04-22,2007-02-01,Kantar,1234.0,,,2.5,26.0,1.5,,13.0,,32.0,,,12.5,
585,president,2007-04-22,2007-01-31,CSA,836.0,,,4.060913562774658,27.41116714477539,2.030456781387329,,12.182741165161133,,31.472082138061523,1.0152283906936646,1.0152283906936646,16.243654251098633,4.568527698516846
586,president,2007-04-22,2007-01-29,BVA,500.0,,,,29.0,,,14.0,,31.0,,,10.0,
587,president,2007-04-22,2007-01-26,Ifop,1787.0,,,,28.0,,,12.5,,32.5,,,11.0,
588,president,2007-04-22,2007-01-25,Ifop,1252.0,,,6.565656423568726,27.77777862548828,2.0202019214630127,,11.11111068725586,,31.31313133239746,1.0101009607315063,0.5050504803657532,13.13131332397461,6.565656661987305
589,president,2007-04-22,2007-01-18,CSA,678.0,,,,29.0,,,9.0,,30.0,,,15.0,
590,president,2007-04-22,2007-01-18,Kantar,1483.0,,,3.0,31.0,2.0,,9.0,,35.0,,,13.0,
591,president,2007-04-22,2006-12-13,BVA,748.0,,,,35.0,,,8.0,,32.0,,,9.0,
592,president,2007-04-22,2006-12-07,Kantar,500.0,,,3.5,33.0,2.0,,8.0,,33.0,,,11.5,
593,president,2007-04-22,2006-11-09,Kantar,698.0,,,4.0,34.0,1.5,,7.0,,34.0,,,13.0,
594,president,2007-04-22,2006-10-13,Kantar,803.0,,,4.0,34.0,1.0,,7.0,,36.0,,,11.0,
595,president,2007-04-22,2006-10-05,Kantar,839.0,,,5.0,29.5,2.0,,7.0,,38.0,,,9.5,
596,president,2007-04-22,2006-09-05,Kantar,683.0,,,3.5,34.0,1.5,,7.0,,36.0,,,10.0,
597,president,2007-04-22,2006-07-17,Kantar,601.0,,,4.0,32.0,1.5,,6.0,,35.0,,,11.5,
598,president,2007-04-22,2006-06-15,Kantar,788.0,,,6.0,32.0,2.0,,8.0,,31.0,,,12.5,
599,president,2007-04-22,2006-05-18,Kantar,715.0,,,5.0,30.0,2.5,,8.0,,34.0,,,10.0,
600,president,2002-04-21,2002-04-21,result,,,,5.72,16.18,5.25,,6.84,,19.88,,,16.86,
601,president,2002-04-21,2002-04-18,BVA,925.0,,,8.0,18.0,5.0,,6.0,,19.0,,,14.0,
602,president,2002-04-21,2002-04-18,Kantar,848.0,,,6.5,18.0,6.0,,6.0,,19.5,,,12.5,
603,president,2002-04-21,2002-04-17,BVA,592.0,,,8.0,18.0,7.0,,7.0,,20.0,,,13.0,
604,president,2002-04-21,2002-04-17,CSA,622.0,,,7.0,18.0,5.0,,6.0,,19.5,,,14.0,
605,president,2002-04-21,2002-04-17,Ipsos,6063.0,,,7.0,18.0,6.5,,6.0,,20.0,,,14.0,
606,president,2002-04-21,2002-04-15,Ipsos,8157.0,,,7.0,18.0,6.5,,5.0,,22.0,,,13.0,
607,president,2002-04-21,2002-04-13,Kantar,737.0,,,8.0,18.0,5.0,,6.0,,20.0,,,13.0,
608,president,2002-04-21,2002-04-12,Ifop,1543.0,,,7.0,16.5,6.5,,6.5,,20.0,,,10.5,
609,president,2002-04-21,2002-04-11,Ifop,1077.0,,,8.0,17.0,7.0,,6.5,,19.0,,,9.5,
610,president,2002-04-21,2002-04-11,Kantar,841.0,,,8.0,19.0,4.5,,5.0,,22.0,,,13.0,
611,president,2002-04-21,2002-04-10,BVA,716.0,,,9.0,18.0,6.0,,6.0,,18.5,,,14.0,
612,president,2002-04-21,2002-04-10,CSA,559.0,,,8.0,19.0,6.5,,5.5,,21.0,,,12.0,
613,president,2002-04-21,2002-04-06,Ifop,1560.0,,,9.5,17.5,9.5,8.0,5.0,3.5,21.0,,4.0,13.0,8.5
614,president,2002-04-21,2002-04-05,Ifop,1802.0,,,8.5,17.5,8.0,,5.5,,21.0,,,13.0,
615,president,2002-04-21,2002-04-05,Ipsos,1354.0,,,11.0,19.0,5.0,,5.0,,23.0,,,12.0,
616,president,2002-04-21,2002-04-04,BVA,1089.0,,,11.0,20.0,6.5,,5.0,,20.0,,,12.0,
617,president,2002-04-21,2002-04-04,Kantar,657.0,,,9.0,19.0,5.0,,4.0,,24.0,,,12.0,
618,president,2002-04-21,2002-04-03,CSA,647.0,,,8.5,18.5,8.5,,4.5,,22.0,,,11.5,
619,president,2002-04-21,2002-03-30,BVA,627.0,,,10.0,21.0,6.0,,4.5,,21.0,,,10.0,
620,president,2002-04-21,2002-03-29,Ipsos,7330.0,,,10.0,20.0,5.0,,5.0,,24.0,,,10.0,
621,president,2002-04-21,2002-03-28,BVA,900.0,,,11.0,20.0,6.5,,5.0,,20.0,,,13.0,
622,president,2002-04-21,2002-03-28,Ifop,865.0,,,10.0,20.5,7.0,,5.5,,21.0,,,10.0,
623,president,2002-04-21,2002-03-28,Kantar,1247.0,,,10.0,20.0,6.0,,4.5,,21.0,,,11.0,
624,president,2002-04-21,2002-03-28,Kantar,1461.0,,,10.0,21.0,5.0,,5.0,,22.0,,,10.0,
625,president,2002-04-21,2002-03-27,CSA,603.0,,,9.0,20.0,5.0,,4.5,,20.0,,,12.0,
626,president,2002-04-21,2002-03-23,Ifop,1271.0,,,10.0,19.0,7.0,,4.0,,20.0,,,8.0,
627,president,2002-04-21,2002-03-23,Kantar,1211.0,,,10.0,21.0,5.5,,4.0,,23.0,,,10.0,
628,president,2002-04-21,2002-03-22,Ipsos,8287.0,,,10.0,22.0,5.5,,5.0,,24.0,,,9.0,
629,president,2002-04-21,2002-03-21,BVA,1122.0,,,10.0,23.0,5.5,,4.0,,23.0,,,11.0,
630,president,2002-04-21,2002-03-21,CSA,754.0,,,8.0,21.0,6.5,,4.0,,23.0,,,11.0,
631,president,2002-04-21,2002-03-21,Ifop,1550.0,,,8.0,21.0,5.0,,4.0,,23.0,,,12.0,
632,president,2002-04-21,2002-03-16,Kantar,606.0,,,9.5,21.0,6.0,,4.5,,23.5,,,10.0,
633,president,2002-04-21,2002-03-15,Ifop,1694.0,,,10.0,19.0,6.0,,4.0,,22.0,,,8.0,
634,president,2002-04-21,2002-03-15,Ipsos,1810.0,,,9.0,21.0,5.5,,4.0,,23.0,,,10.0,
635,president,2002-04-21,2002-03-15,Kantar,779.0,,,9.0,20.0,6.0,,4.0,,24.0,,,11.0,
636,president,2002-04-21,2002-03-14,BVA,842.0,,,9.0,22.0,5.0,,3.5,,25.0,,,10.0,
637,president,2002-04-21,2002-03-13,CSA,666.0,,,7.0,22.0,5.5,,3.0,,25.5,,,9.5,
638,president,2002-04-21,2002-03-09,BVA,626.0,,,8.0,23.0,5.0,,3.0,,24.0,,,10.0,
639,president,2002-04-21,2002-03-09,Kantar,1384.0,,,9.0,22.0,5.0,,4.0,,23.0,,,11.0,
640,president,2002-04-21,2002-03-08,Ipsos,3382.0,,,8.0,22.0,6.0,,3.0,,24.0,,,8.0,
641,president,2002-04-21,2002-03-01,Ifop,1903.0,,,9.5,21.0,7.5,10.0,3.0,3.0,22.0,,3.0,8.0,6.5
642,president,2002-04-21,2002-03-01,Ipsos,3830.0,,,8.0,21.0,6.0,,4.0,,24.0,,,9.0,
643,president,2002-04-21,2002-02-28,BVA,618.0,,,8.0,24.0,5.0,,4.0,,21.0,,,11.0,
644,president,2002-04-21,2002-02-28,Ifop,1753.0,,,9.0,21.0,7.0,,3.0,,22.0,,,10.0,
645,president,2002-04-21,2002-02-28,Kantar,851.0,,,7.0,22.5,6.0,,3.0,,24.0,,,11.0,
646,president,2002-04-21,2002-02-27,CSA,924.0,,,6.0,23.5,6.0,,4.0,,21.0,,,10.0,
647,president,2002-04-21,2002-02-22,Ifop,1159.0,,,7.0,22.0,6.0,,3.0,,23.0,,,7.0,
648,president,2002-04-21,2002-02-22,Ipsos,1471.0,,,7.0,22.0,6.0,,3.0,,25.0,,,9.0,
649,president,2002-04-21,2002-02-22,Kantar,998.0,,,7.5,22.0,5.5,,3.0,,24.0,,,11.0,
650,president,2002-04-21,2002-02-21,Ifop,1260.0,,,8.0,23.0,6.0,,3.0,,25.0,,,7.0,
651,president,2002-04-21,2002-02-15,Ipsos,2929.0,,,7.0,20.0,5.0,,3.0,,25.0,,,10.0,
652,president,2002-04-21,2002-02-14,BVA,742.0,,,7.0,23.0,6.0,,4.0,,24.0,,,11.0,
653,president,2002-04-21,2002-02-14,Kantar,1067.0,,,6.0,21.5,7.0,,3.0,,26.0,,,9.0,
654,president,2002-04-21,2002-02-13,CSA,584.0,,,5.5,21.5,6.0,,3.0,,24.5,,,10.0,
655,president,2002-04-21,2002-02-12,Ipsos,3282.0,,,6.0,23.0,5.0,,3.0,,27.0,,,8.0,
656,president,2002-04-21,2002-02-08,Ipsos,7605.0,,,6.0,21.0,6.0,,3.0,,23.0,,,10.0,
657,president,2002-04-21,2002-02-07,Ifop,1249.0,,,7.0,19.0,7.0,,3.0,,23.0,,,9.0,
658,president,2002-04-21,2002-02-02,BVA,500.0,,,6.0,23.0,5.0,,5.0,,23.0,,,9.0,
659,president,2002-04-21,2002-02-01,Ipsos,1206.0,,,6.0,23.0,6.0,,4.0,,23.0,,,8.0,
660,president,2002-04-21,2002-02-01,Kantar,658.0,,,6.0,22.5,6.0,,4.0,,24.0,,,11.0,
661,president,2002-04-21,2002-01-31,BVA,1107.0,,,7.0,22.0,7.0,,4.0,,23.0,,,10.0,
662,president,2002-04-21,2002-01-31,Ifop,1620.0,,,7.0,22.0,6.0,,3.0,,24.0,,,10.0,
663,president,2002-04-21,2002-01-29,CSA,914.0,,,6.0,22.0,7.0,,4.0,,23.0,,,9.0,
664,president,2002-04-21,2002-01-25,Ipsos,5410.0,,,7.0,22.0,5.0,,4.0,,26.0,,,9.0,
665,president,2002-04-21,2002-01-17,CSA,815.0,,,6.0,22.0,7.5,,4.0,,27.0,,,10.0,
666,president,2002-04-21,2002-01-17,Ifop,1798.0,,,6.0,20.0,8.0,,5.0,,24.0,,,7.0,
667,president,2002-04-21,2002-01-11,Ipsos,3057.0,,,6.0,24.0,5.0,,5.0,,28.0,,,8.0,
668,president,2002-04-21,2002-01-11,Kantar,1126.0,,,7.0,22.0,6.0,,4.0,,27.0,,,9.0,
669,president,2002-04-21,2002-01-10,Ifop,1060.0,,,6.0,21.0,8.0,,4.0,,27.0,,,8.0,
670,president,2002-04-21,2002-01-05,BVA,500.0,,,7.0,24.0,7.0,,3.0,,27.0,,,9.0,
671,president,2002-04-21,2002-01-05,Kantar,763.0,,,7.0,24.0,6.0,,3.0,,27.0,,,9.0,
672,president,2002-04-21,2002-01-04,Ipsos,5297.0,,,6.0,23.0,5.0,,4.0,,28.0,,,9.0,
673,president,2002-04-21,2002-01-03,CSA,995.0,,,5.0,21.5,6.0,,4.0,,28.0,,,10.0,
674,president,2002-04-21,2002-01-02,BVA,920.0,,,7.0,24.0,7.0,,5.0,,21.0,,,10.0,
675,president,2002-04-21,2001-12-29,Ifop,1529.0,,,7.0,22.0,8.0,,5.0,,26.0,,,6.0,
676,president,2002-04-21,2001-12-14,Kantar,810.0,,,7.0,22.0,7.0,,3.0,,27.0,,,8.5,
677,president,2002-04-21,2001-12-11,CSA,720.0,,,7.0,22.0,8.0,,5.0,,25.0,,,9.0,
678,president,2002-04-21,2001-12-07,Ipsos,3879.0,,,6.0,22.0,6.0,,4.0,,27.0,,,8.0,
679,president,2002-04-21,2001-11-22,Kantar,1495.0,,,7.0,22.0,6.0,,4.5,,27.0,,,9.0,
680,president,2002-04-21,2001-11-14,CSA,716.0,,,6.0,23.0,8.0,,4.5,,25.0,,,9.0,
681,president,2002-04-21,2001-11-09,Ipsos,3154.0,,,5.0,22.0,7.0,,4.0,,27.0,,,8.0,
682,president,2002-04-21,2001-10-19,Ipsos,1228.0,,,5.0,23.0,6.0,,5.0,,26.0,,,6.0,
683,president,2002-04-21,2001-10-19,Kantar,677.0,,,6.0,23.0,5.5,,5.0,,27.0,,,11.0,
684,president,2002-04-21,2001-10-17,CSA,898.0,,,7.0,23.0,7.0,,5.0,,26.0,,,8.5,
685,president,2002-04-21,2001-10-11,Ifop,1372.0,,,6.0,23.0,8.0,,6.0,,24.0,,,7.0,
686,president,2002-04-21,2001-09-11,CSA,619.0,,,7.0,24.0,4.0,,6.0,,26.0,,,8.0,
687,president,2002-04-21,2001-09-07,Kantar,975.0,,,7.0,27.0,2.0,,5.0,,26.0,,,7.0,
688,president,2002-04-21,2001-07-16,CSA,664.0,,,7.0,26.0,3.0,,5.0,,30.0,,,7.0,
689,president,2002-04-21,2001-06-22,Kantar,1316.0,,,7.0,27.0,3.0,,5.0,,26.0,,,10.0,
690,president,2002-04-21,2001-06-20,CSA,643.0,,,6.5,27.0,4.0,,6.0,,28.0,,,7.0,
691,president,2002-04-21,2001-06-08,Ipsos,8117.0,,,6.0,27.0,5.0,,5.0,,30.0,,,6.0,
692,president,2002-04-21,2001-05-29,CSA,999.0,,,6.0,28.0,5.0,,5.0,,27.0,,,8.0,
693,president,2002-04-21,2001-05-15,Kantar,844.0,,,6.0,27.0,7.0,,6.0,,26.0,,,8.0,
694,president,2002-04-21,2001-04-26,CSA,593.0,,,6.0,25.0,5.0,,7.0,,30.0,,,8.0,
695,president,2002-04-21,2001-03-28,Kantar,1346.0,,,6.5,28.0,5.5,,5.0,,27.0,,,8.5,
696,president,2002-04-21,2001-03-26,CSA,812.0,,,5.0,28.0,7.0,,7.0,,28.0,,,7.0,
697,president,2002-04-21,2001-02-02,Kantar,823.0,,,6.0,30.0,5.0,,5.0,,24.0,,,8.0,
698,president,2002-04-21,2001-01-05,CSA,590.0,,,6.0,29.0,5.0,,7.0,,23.0,,,9.0,
699,president,2002-04-21,2000-11-14,CSA,920.0,,,6.0,28.0,4.0,,6.0,,27.0,,,10.0,
700,president,2002-04-21,2000-09-06,CSA,707.0,,,6.0,25.0,5.5,,4.0,,30.0,,,8.5,
701,president,1995-04-23,1995-04-23,result,,,,8.64,23.3,3.32,,18.6,,20.84,,,15.0,
702,president,1995-04-23,1995-04-21,Kantar,1324.0,,,9.5,20.5,4.0,,16.5,,24.0,,,14.0,
703,president,1995-04-23,1995-04-14,Kantar,1100.0,,,8.5,21.0,3.5,,16.0,,26.0,,,13.0,
704,president,1995-04-23,1995-04-10,Kantar,663.0,,,8.5,21.0,3.0,,19.0,,26.0,,,13.0,
705,president,1995-04-23,1995-04-05,Kantar,1336.0,,,8.0,22.0,3.5,,20.0,,24.0,,,12.0,
706,president,1995-04-23,1995-03-27,Kantar,799.0,,,8.0,21.0,3.5,,18.0,,26.0,,,13.0,
707,president,1995-04-23,1995-03-22,Kantar,1052.0,,,8.5,22.0,2.5,,17.0,,26.0,,,13.0,
708,president,1995-04-23,1995-03-13,Kantar,1264.0,,,8.0,20.0,2.5,,20.0,,27.0,,,12.0,
709,president,1995-04-23,1995-03-09,Kantar,821.0,,,9.0,21.0,3.5,,20.0,,24.0,,,10.5,
710,president,1995-04-23,1995-02-23,Kantar,975.0,,,7.0,24.0,5.0,,23.5,,19.0,,,11.0,
711,president,1995-04-23,1995-02-09,Kantar,824.0,,,7.0,22.5,4.0,,28.0,,17.5,,,10.5,
712,president,1995-04-23,1995-01-26,Kantar,1207.0,,,7.0,17.0,3.0,,32.0,,18.0,,,12.0,
713,president,1995-04-23,1995-01-12,Kantar,950.0,,,6.5,20.0,4.0,,29.0,,17.0,,,11.5,
714,president,1995-04-23,1994-12-28,Kantar,1252.0,,,6.0,,3.5,,25.0,,14.0,,,12.0,
715,president,1995-04-23,1994-12-07,Kantar,1204.0,,,5.0,,3.0,,25.0,,12.0,,,10.0,
716,president,1995-04-23,1994-11-24,Kantar,744.0,,,5.0,,3.0,,25.0,,15.0,,,8.0,
717,president,1995-04-23,1994-11-09,Kantar,805.0,,,5.0,,3.0,,26.0,,18.0,,,9.0,
718,president,1995-04-23,1994-10-06,Kantar,897.0,,,5.0,,1.5,,28.0,,14.0,,,9.0,
719,president,1995-04-23,1994-09-08,Kantar,1395.0,,,3.5,,2.0,,30.0,,16.0,,,10.0,
720,president,1995-04-23,1994-07-05,Kantar,857.0,,,4.0,,4.0,,28.0,,16.0,,,11.0,
721,president,1995-04-23,1994-05-09,Kantar,1480.0,,,6.0,,4.5,,28.0,,17.0,,,10.0,
722,president,1995-04-23,1994-03-25,Kantar,817.0,,,5.0,,4.0,,29.0,,17.0,,,11.0,
723,president,1995-04-23,1994-03-05,Kantar,1316.0,,,4.5,,4.0,,33.0,,14.0,,,11.0,
724,president,1988-04-24,1988-04-24,result,,,,6.76,34.11,3.78,,16.54,,19.96,,,14.38,
725,president,1988-04-24,1988-04-21,Kantar,711.0,,,7.0,35.0,2.5,,16.5,,23.5,,,12.0,
726,president,1988-04-24,1988-04-09,Kantar,799.0,,,7.0,36.0,2.5,,17.0,,23.5,,,11.0,
727,president,1988-04-24,1988-04-02,Kantar,1178.0,,,6.0,37.0,2.5,,15.0,,24.0,,,11.5,
728,president,1988-04-24,1988-03-03,Kantar,885.0,,,5.5,38.0,2.0,,20.0,,21.5,,,10.0,
729,president,1988-04-24,1988-02-03,Kantar,619.0,,,4.5,39.0,1.0,,21.0,,22.0,,,10.0,
730,president,1988-04-24,1988-01-20,Ipsos,4487.0,,,4.0,32.0,2.0,,20.0,,20.0,,,10.0,
731,president,1988-04-24,1988-01-12,Kantar,769.0,,,5.0,40.0,0.5,,23.0,,19.5,,,9.0,
732,president,1988-04-24,1987-12-08,Kantar,594.0,,,4.5,38.0,1.0,,24.0,,19.0,,,10.0,
733,president,1988-04-24,1987-11-12,Kantar,760.0,,,4.0,38.0,0.5,,24.5,,18.0,,,10.0,
734,president,1988-04-24,1987-10-25,Harris,500.0,,,,33.0,,,20.0,,20.0,,,9.0,
735,president,1988-04-24,1986-08-25,Ipsos,6660.0,,,4.0,27.0,,,15.0,,14.0,,,7.0,
736,president,1988-04-24,1986-06-25,Ipsos,1865.0,,,3.5,28.0,,,16.0,,21.0,,,6.0,
737,president,1988-04-24,1986-02-15,Ipsos,3894.0,,,3.0,28.0,,,18.0,,20.0,,,6.0,
738,president,1981-04-26,1981-04-26,result,,,,15.35,25.85,3.88,,28.32,,18.0,,,,
739,president,1981-04-26,1981-04-24,Kantar,854.0,,,19.0,21.5,3.5,,27.5,,18.5,,,,
740,president,1981-04-26,1981-04-22,Kantar,1459.0,,,18.5,22.0,3.5,,27.5,,18.5,,,,
741,president,1981-04-26,1981-04-16,Kantar,554.0,,,18.5,22.0,3.5,,27.5,,19.5,,,,
742,president,1981-04-26,1981-03-25,Kantar,942.0,,,16.5,24.0,3.5,,29.0,,16.0,,,,
743,president,1981-04-26,1981-03-11,Kantar,1318.0,,,16.0,25.0,3.5,,29.0,,15.0,,,,
744,president,1981-04-26,1981-02-15,Kantar,1059.0,,,17.0,25.0,3.5,,28.0,,13.0,,,,
745,president,1981-04-26,1981-01-15,Kantar,886.0,,,16.0,23.0,3.0,,31.0,,11.0,,,,
746,president,1981-04-26,1980-12-15,Kantar,986.0,,,17.0,19.0,3.0,,35.0,,11.0,,,,
747,president,1981-04-26,1980-11-15,Kantar,977.0,,,17.0,18.0,4.0,,35.0,,11.0,,,,
748,president,1981-04-26,1980-10-15,Kantar,968.0,,,17.0,19.0,5.0,,34.0,,12.0,,,,
749,president,1974-05-05,1974-05-05,result,,,,,43.25,,,32.6,,15.11,,,3.17,
750,president,1974-05-05,1974-05-03,Ifop,1088.0,,,,45.0,,,30.0,,15.0,,,3.5,
751,president,1974-05-05,1974-04-29,Ifop,1132.0,,,,42.0,,,31.0,,18.0,,,3.0,
752,president,1974-05-05,1974-04-29,Kantar,681.0,,,,44.0,,,31.0,,17.0,,,3.0,
753,president,1974-05-05,1974-04-24,Ifop,1628.0,,,,42.0,,,31.0,,18.0,,,3.0,
754,president,1974-05-05,1974-04-22,Ifop,1457.0,,,,41.0,,,26.0,,23.0,,,6.0,
755,president,1974-05-05,1974-04-22,Kantar,875.0,,,,42.0,,,28.0,,24.0,,,4.0,
756,president,1974-05-05,1974-04-18,Ifop,940.0,,,,42.0,,,25.0,,23.0,,,5.0,
757,president,1974-05-05,1974-04-16,Ifop,1517.0,,,,43.0,,,27.0,,25.0,,,5.0,
758,president,1974-05-05,1974-04-16,Kantar,554.0,,,,40.0,,,28.0,,26.0,,,5.0,
759,president,1974-05-05,1974-04-09,Ifop,1101.0,,,,40.0,,,27.0,,29.0,,,,
760,president,1974-05-05,1974-04-09,Kantar,858.0,,,,36.0,,,27.0,,26.0,,,,
761,president,1969-06-01,1969-06-01,result,,,,21.27,5.01,,,23.31,,44.47,,,,
762,president,1969-06-01,1969-05-27,Ifop,1163.0,,,17.0,7.0,,,31.0,,40.0,,,,
763,president,1969-06-01,1969-05-22,Ifop,1070.0,,,15.0,9.0,,,32.0,,39.0,,,,
764,president,1969-06-01,1969-05-17,Ifop,1909.0,,,12.0,6.0,,,39.0,,42.0,,,,
765,president,1969-06-01,1969-05-14,Ifop,1070.0,,,12.0,8.0,,,37.0,,41.0,,,,
766,president,1969-06-01,1969-05-06,Ifop,1305.0,,,10.0,11.0,,,35.0,,42.0,,,,
767,president,1965-12-05,1965-12-05,result,,,,,31.72,,,15.57,,44.65,,,5.2,
768,president,1965-12-05,1965-12-02,Ifop,1171.0,,,,27.0,,,20.0,,43.0,,,7.0,
769,president,1965-12-05,1965-11-22,Ifop,1256.0,,,,28.0,,,14.0,,46.5,,,7.0,
770,president,1965-12-05,1965-11-11,Ifop,1402.0,,,,24.0,,,7.0,,61.0,,,7.0,
771,president,1965-12-05,1965-10-29,Ifop,1302.0,,,,23.0,,,5.0,,66.0,,,5.0,
772,regionales,2015-12-06,2015-12-06,result,,50.09,,2.51,26.83,6.63,,,,27.91,3.81,,27.88,2.89
773,regionales,2015-12-06,2015-12-03,Odoxa,1001.0,,,7.0,22.0,4.5,,,,29.0,2.5,,30.0,3.0
774,regionales,2015-12-06,2015-12-02,Elabe,968.0,50.0,,5.0,23.0,6.5,,,,28.0,3.0,,28.5,5.0
775,regionales,2015-12-06,2015-12-02,Harris,1015.0,,,5.0,24.0,6.0,,,,27.0,4.0,,28.0,5.0
776,regionales,2015-12-06,2015-12-02,Ifop,1105.0,51.0,,5.0,23.0,4.0,,,,28.0,3.5,,28.5,7.0
777,regionales,2015-12-06,2015-12-01,Ipsos,8053.0,,,4.0,23.0,7.0,,,,28.5,3.5,,29.5,3.5
778,regionales,2015-12-06,2015-11-25,Harris,1005.0,,,6.0,24.0,6.0,,,,27.0,5.0,,28.0,3.0
779,regionales,2015-12-06,2015-11-24,Ifop,926.0,54.0,,3.0,22.0,4.0,,,,28.0,3.0,,28.0,11.0
780,regionales,2015-12-06,2015-11-23,Ipsos,939.0,,,4.0,22.0,7.0,,,,29.0,3.0,,30.0,4.0
781,regionales,2015-12-06,2015-11-22,Kantar,1522.0,,,4.0,22.0,7.0,,,,27.0,4.0,,29.0,5.5
782,regionales,2015-12-06,2015-11-19,OpinionWay,984.0,,,4.0,22.0,9.0,,,,28.0,4.0,,30.0,2.0
783,regionales,2015-12-06,2015-11-18,Harris,1011.0,,,5.0,26.0,7.0,,,,25.0,5.0,,27.0,3.0
784,regionales,2015-12-06,2015-11-01,Ipsos,936.0,,,5.0,20.0,7.0,,,,33.0,2.5,,26.0,5.0
785,regionales,2015-12-06,2015-10-18,Kantar,2200.0,,,6.0,21.0,8.0,,,,27.0,3.0,,28.0,6.0
786,regionales,2015-12-06,2015-10-14,Elabe,972.0,60.0,,5.0,23.0,8.5,,,,30.0,3.0,,26.0,4.0
787,regionales,2015-12-06,2015-10-08,OpinionWay,993.0,,,5.0,23.0,6.0,,,,31.0,3.0,,21.0,9.0
788,regionales,2015-12-06,2015-09-25,Odoxa,929.0,,,7.0,23.0,3.0,,,,35.0,1.0,,27.0,2.0
789,regionales,2015-12-06,2015-09-23,Elabe,986.0,57.0,,6.0,22.5,8.5,,,,27.0,3.0,,26.0,5.5
790,regionales,2015-12-06,2015-03-29,Harris,4286.0,,,7.0,20.0,7.0,,,,25.0,2.0,,22.0,16.0
791,regionales,2010-03-14,2010-03-14,result,,53.67,,9.24,29.14,12.18,,4.2,,26.02,,,11.42,7.8
792,regionales,2010-03-14,2010-03-12,OpinionWay,959.0,47.0,,10.0,27.5,13.0,,5.0,,29.0,,,9.5,6.0
793,regionales,2010-03-14,2010-03-11,CSA,801.0,,,9.5,29.5,15.0,,4.5,,27.5,,,9.5,4.5
794,regionales,2010-03-14,2010-03-10,Kantar,1000.0,,,9.0,30.0,14.0,,4.5,,29.0,,,8.5,5.0
795,regionales,2010-03-14,2010-03-05,Ifop,830.0,,,10.5,29.5,12.0,,4.5,,29.5,,,9.0,5.0
796,regionales,2010-03-14,2010-03-03,CSA,820.0,,,10.0,31.0,14.0,,5.0,,27.0,,,9.0,4.0
797,regionales,2010-03-14,2010-03-03,OpinionWay,990.0,,,10.0,27.0,13.0,,5.0,,31.0,,,9.0,5.0
798,regionales,2010-03-14,2010-03-02,Kantar,1000.0,,,11.0,28.0,12.0,,4.0,,30.0,,,8.0,7.0
799,regionales,2010-03-14,2010-02-26,Ifop,826.0,,,11.0,31.0,13.0,,4.0,,27.5,,,9.5,4.0
800,regionales,2010-03-14,2010-02-25,CSA,792.0,,,9.0,30.0,15.0,,5.0,,29.0,,,8.0,4.0
801,regionales,2010-03-14,2010-02-18,OpinionWay,1001.0,,,8.0,26.0,14.0,,5.0,,32.0,,,9.0,6.0
802,regionales,2010-03-14,2010-02-12,Ifop,853.0,,,10.5,29.0,11.0,,5.0,,29.5,,,9.0,6.0
803,regionales,2010-03-14,2010-02-11,CSA,798.0,47.0,,9.0,27.0,13.0,,5.0,,33.0,,,8.0,5.0
804,regionales,2010-03-14,2010-02-04,OpinionWay,1014.0,,,11.0,27.0,10.0,,6.0,,30.0,,,9.0,7.0
805,regionales,2010-03-14,2010-02-02,Kantar,1000.0,,,12.5,28.0,13.0,,4.0,,30.0,,,8.5,4.0
806,regionales,2010-03-14,2010-01-22,Ifop,853.0,,,11.0,27.0,13.0,,6.5,,27.0,,,8.5,7.0
807,regionales,2010-03-14,2010-01-14,CSA,880.0,49.0,,14.0,22.0,15.0,,9.0,,33.0,,,7.0,0.0
808,regionales,2010-03-14,2009-12-10,OpinionWay,989.0,,,10.0,23.0,14.0,,8.0,,30.0,,,10.0,5.0
809,regionales,2010-03-14,2009-11-20,Ifop,860.0,,,13.0,21.0,15.0,,6.0,,30.0,,,8.0,7.0
810,regionales,2010-03-14,2009-11-18,OpinionWay,1002.0,,,10.0,22.0,16.0,,7.0,,31.0,,,9.0,5.0
811,regionales,2010-03-14,2009-10-28,OpinionWay,966.0,,,11.0,21.0,15.0,,6.0,,33.0,,,9.0,5.0
812,regionales,2010-03-14,2009-10-01,CSA,863.0,51.0,,15.0,21.0,17.0,,8.0,,31.0,,,8.0,0.0
813,regionales,2010-03-14,2009-10-01,OpinionWay,1032.0,,,13.0,19.0,16.0,,7.0,,36.0,,,6.0,3.0
830,regionales,2004-03-21,2004-03-21,result,,39.16,,4.94,39.11,,,,,33.73,,,14.7,7.52
831,regionales,2004-03-21,2004-03-11,Kantar,1000.0,,,6.5,39.0,,,,,34.5,,,16.5,3.5
832,regionales,2004-03-21,2004-03-05,Ipsos,572.0,,,10.0,30.5,,,,,37.0,,,14.0,8.5
833,regionales,2004-03-21,2004-03-04,CSA,861.0,46.0,,5.0,36.0,,,,,38.5,,,17.0,3.5
834,regionales,2004-03-21,2004-02-28,Ipsos,951.0,,,7.5,31.0,,,,,38.5,,,15.0,8.0
835,regionales,2004-03-21,2004-02-26,Kantar,1000.0,,,7.0,38.5,,,,,35.5,,,16.0,3.0
836,regionales,2004-03-21,2004-02-11,Kantar,1000.0,,,7.5,37.5,,,,,33.0,,,15.5,6.5
837,regionales,2004-03-21,2004-02-07,Ipsos,951.0,,,7.5,31.0,,,,,39.5,,,14.0,8.0
838,regionales,2004-03-21,2004-02-05,CSA,876.0,43.0,,6.0,37.0,,,,,38.0,,,16.0,3.0
839,regionales,2004-03-21,2004-01-29,Kantar,1000.0,,,6.5,37.0,,,,,33.5,,,15.5,7.5
840,regionales,2004-03-21,2004-01-27,Ipsos,1330.0,,,7.0,35.0,,,,,41.0,,,13.0,4.0
841,regionales,2004-03-21,2004-01-15,CSA,868.0,43.0,,4.0,38.0,,,,,39.0,,,16.0,3.0
842,regionales,2004-03-21,2004-01-15,Kantar,1000.0,,,6.0,40.0,,,,,36.5,,,14.0,3.5
843,regionales,2004-03-21,2003-11-29,Ipsos,951.0,,,9.0,30.0,,,,,41.0,,,13.0,7.0
844,regionales,2004-03-21,2003-10-16,CSA,1001.0,44.0,,6.0,42.0,,,,,36.0,,,16.0,0.0
